status,month,credit_history,purpose,credit_amount,savings,employment,investment_as_income_percentage,other_debtors,residence_since,property,age,installment_plans,housing,number_of_credits,skill_level,people_liable_for,telephone,foreign_worker,sex,decision
A13,71,A32,A49,13066,A63,A73,3,A103,3,A123,0,A143,A153,3,A174,1,A192,A202,A92,1
A13,71,A32,A49,13066,A63,A73,3,A103,3,A123,1,A143,A153,3,A174,1,A192,A202,A92,0
A13,76,A31,A49,13061,A63,A73,3,A103,3,A123,0,A143,A153,3,A174,1,A192,A202,A92,1
A13,76,A31,A49,13061,A63,A73,3,A103,3,A123,1,A143,A153,3,A174,1,A192,A202,A92,0
A13,76,A32,A49,13061,A63,A73,3,A103,3,A122,0,A143,A153,3,A174,1,A192,A202,A92,1
A13,76,A32,A49,13061,A63,A73,3,A103,3,A122,1,A143,A153,3,A174,1,A192,A202,A92,0
A12,56,A32,A49,13049,A62,A72,2,A102,2,A123,0,A142,A153,2,A173,1,A191,A201,A91,1
A12,56,A32,A49,13049,A62,A72,2,A102,2,A123,1,A142,A153,2,A173,1,A191,A201,A91,0
A12,68,A32,A48,13050,A62,A72,3,A102,3,A123,0,A142,A153,3,A174,1,A192,A202,A92,1
A12,68,A32,A48,13050,A62,A72,3,A102,3,A123,1,A142,A153,3,A174,1,A192,A202,A92,0
A13,63,A31,A49,13055,A63,A73,3,A103,3,A123,0,A143,A153,3,A174,1,A192,A202,A92,1
A13,63,A31,A49,13055,A63,A73,3,A103,3,A123,1,A143,A153,3,A174,1,A192,A202,A92,0
A13,63,A32,A49,13056,A63,A73,3,A103,3,A122,0,A143,A153,3,A174,1,A192,A202,A92,1
A13,63,A32,A49,13056,A63,A73,3,A103,3,A122,1,A143,A153,3,A174,1,A192,A202,A92,0
A13,71,A32,A48,13051,A63,A73,3,A103,3,A122,0,A143,A153,3,A174,1,A192,A202,A92,1
A13,71,A32,A48,13051,A63,A73,3,A103,3,A122,1,A143,A153,3,A174,1,A192,A202,A92,0
A13,71,A31,A49,13056,A63,A73,3,A103,3,A122,0,A143,A153,3,A174,1,A192,A202,A92,1
A13,71,A31,A49,13056,A63,A73,3,A103,3,A122,1,A143,A153,3,A174,1,A192,A202,A92,0
A13,63,A32,A49,13055,A63,A73,3,A103,3,A123,0,A143,A153,3,A172,1,A192,A202,A92,1
A13,63,A32,A49,13055,A63,A73,3,A103,3,A123,1,A143,A153,3,A172,1,A192,A202,A92,0
A13,72,A31,A49,13051,A63,A73,3,A103,3,A123,0,A143,A153,3,A172,1,A192,A202,A92,1
A13,72,A31,A49,13051,A63,A73,3,A103,3,A123,1,A143,A153,3,A172,1,A192,A202,A92,0
A13,72,A32,A49,13051,A63,A73,3,A103,3,A122,0,A143,A153,3,A172,1,A192,A202,A92,1
A13,72,A32,A49,13051,A63,A73,3,A103,3,A122,1,A143,A153,3,A172,1,A192,A202,A92,0
A13,63,A32,A49,13055,A63,A73,3,A103,3,A123,0,A143,A152,3,A174,1,A192,A202,A92,1
A13,63,A32,A49,13055,A63,A73,3,A103,3,A123,1,A143,A152,3,A174,1,A192,A202,A92,0
A12,11,A32,A49,13041,A62,A72,1,A102,1,A123,0,A142,A153,1,A173,1,A191,A201,A91,1
A12,11,A32,A49,13041,A62,A72,1,A102,1,A123,1,A142,A153,1,A173,1,A191,A201,A91,0
A12,64,A32,A48,13043,A62,A72,1,A102,2,A123,0,A142,A153,2,A174,1,A192,A202,A92,1
A12,64,A32,A48,13043,A62,A72,1,A102,2,A123,1,A142,A153,2,A174,1,A192,A202,A92,0
A13,31,A32,A48,13045,A63,A73,1,A103,3,A123,0,A143,A153,3,A174,1,A192,A202,A92,1
A13,31,A32,A48,13045,A63,A73,1,A103,3,A123,1,A143,A153,3,A174,1,A192,A202,A92,0
A12,56,A30,A49,13042,A62,A72,2,A102,2,A123,0,A142,A153,2,A173,1,A191,A201,A91,1
A12,56,A30,A49,13042,A62,A72,2,A102,2,A123,1,A142,A153,2,A173,1,A191,A201,A91,0
A12,68,A31,A48,13044,A62,A72,3,A102,3,A123,0,A142,A153,3,A174,1,A192,A202,A92,1
A12,68,A31,A48,13044,A62,A72,3,A102,3,A123,1,A142,A153,3,A174,1,A192,A202,A92,0
A13,31,A31,A48,13045,A63,A73,3,A103,3,A123,0,A143,A153,3,A174,1,A192,A202,A92,1
A13,31,A31,A48,13045,A63,A73,3,A103,3,A123,1,A143,A153,3,A174,1,A192,A202,A92,0
A12,47,A32,A49,13043,A62,A72,2,A102,2,A122,0,A142,A153,2,A174,1,A192,A202,A92,1
A12,47,A32,A49,13043,A62,A72,2,A102,2,A122,1,A142,A153,2,A174,1,A192,A202,A92,0
A12,27,A31,A49,13044,A62,A72,3,A102,3,A122,0,A142,A153,3,A174,1,A192,A202,A92,1
A12,27,A31,A49,13044,A62,A72,3,A102,3,A122,1,A142,A153,3,A174,1,A192,A202,A92,0
A11,48,A32,A49,13040,A61,A71,3,A101,1,A123,0,A141,A153,1,A171,1,A191,A201,A91,1
A11,48,A32,A49,13040,A61,A71,3,A101,1,A123,1,A141,A153,1,A171,1,A191,A201,A91,0
A12,27,A32,A49,13044,A62,A72,1,A102,3,A123,0,A142,A153,3,A172,1,A192,A202,A92,1
A12,27,A32,A49,13044,A62,A72,1,A102,3,A123,1,A142,A153,3,A172,1,A192,A202,A92,0
A13,76,A32,A48,13046,A63,A73,1,A103,3,A123,0,A143,A153,3,A172,1,A192,A202,A92,1
A13,76,A32,A48,13046,A63,A73,1,A103,3,A123,1,A143,A153,3,A172,1,A192,A202,A92,0
A13,35,A32,A48,13046,A63,A73,3,A103,3,A123,0,A143,A153,3,A172,1,A192,A202,A92,1
A13,35,A32,A48,13046,A63,A73,3,A103,3,A123,1,A143,A153,3,A172,1,A192,A202,A92,0
A13,76,A31,A48,13046,A63,A73,3,A103,3,A123,0,A143,A153,3,A172,1,A192,A202,A92,1
A13,76,A31,A48,13046,A63,A73,3,A103,3,A123,1,A143,A153,3,A172,1,A192,A202,A92,0
A13,76,A32,A48,13046,A63,A73,3,A103,3,A122,0,A143,A153,3,A172,1,A192,A202,A92,1
A13,76,A32,A48,13046,A63,A73,3,A103,3,A122,1,A143,A153,3,A172,1,A192,A202,A92,0
A13,72,A31,A49,13045,A63,A73,3,A103,3,A122,0,A143,A153,3,A172,1,A192,A202,A92,1
A13,72,A31,A49,13045,A63,A73,3,A103,3,A122,1,A143,A153,3,A172,1,A192,A202,A92,0
A12,23,A32,A49,13043,A62,A72,2,A102,2,A123,0,A142,A152,2,A174,1,A192,A202,A92,1
A12,23,A32,A49,13043,A62,A72,2,A102,2,A123,1,A142,A152,2,A174,1,A192,A202,A92,0
A12,68,A32,A48,13044,A62,A72,3,A102,3,A123,0,A142,A152,3,A174,1,A192,A202,A92,1
A12,68,A32,A48,13044,A62,A72,3,A102,3,A123,1,A142,A152,3,A174,1,A192,A202,A92,0
A13,76,A32,A48,13046,A63,A73,1,A103,3,A123,0,A143,A152,3,A174,1,A192,A202,A92,1
A13,76,A32,A48,13046,A63,A73,1,A103,3,A123,1,A143,A152,3,A174,1,A192,A202,A92,0
A13,35,A32,A48,13046,A63,A73,3,A103,3,A123,0,A143,A152,3,A174,1,A192,A202,A92,1
A13,35,A32,A48,13046,A63,A73,3,A103,3,A123,1,A143,A152,3,A174,1,A192,A202,A92,0
A12,55,A31,A49,13044,A62,A72,3,A102,3,A123,0,A142,A152,3,A174,1,A192,A202,A92,1
A12,55,A31,A49,13044,A62,A72,3,A102,3,A123,1,A142,A152,3,A174,1,A192,A202,A92,0
A13,76,A31,A48,13046,A63,A73,3,A103,3,A123,0,A143,A152,3,A174,1,A192,A202,A92,1
A13,76,A31,A48,13046,A63,A73,3,A103,3,A123,1,A143,A152,3,A174,1,A192,A202,A92,0
A13,63,A32,A49,13045,A63,A73,3,A103,3,A122,0,A143,A152,3,A174,1,A192,A202,A92,1
A13,63,A32,A49,13045,A63,A73,3,A103,3,A122,1,A143,A152,3,A174,1,A192,A202,A92,0
A12,64,A32,A49,13043,A62,A72,3,A102,2,A123,0,A142,A152,2,A172,1,A192,A202,A92,1
A12,64,A32,A49,13043,A62,A72,3,A102,2,A123,1,A142,A152,2,A172,1,A192,A202,A92,0
A13,72,A32,A49,13045,A63,A73,1,A103,3,A123,0,A143,A152,3,A172,1,A192,A202,A92,1
A13,72,A32,A49,13045,A63,A73,1,A103,3,A123,1,A143,A152,3,A172,1,A192,A202,A92,0
A13,71,A32,A49,13046,A63,A73,3,A103,3,A122,0,A143,A152,3,A172,1,A192,A202,A92,1
A13,71,A32,A49,13046,A63,A73,3,A103,3,A122,1,A143,A152,3,A172,1,A192,A202,A92,0
A11,3,A32,A49,13034,A61,A71,1,A101,1,A123,0,A141,A153,1,A173,1,A191,A201,A91,1
A11,3,A32,A49,13034,A61,A71,1,A101,1,A123,1,A141,A153,1,A173,1,A191,A201,A91,0
A12,15,A32,A48,13035,A62,A72,2,A102,2,A123,0,A142,A153,2,A173,1,A191,A201,A91,1
A12,15,A32,A48,13035,A62,A72,2,A102,2,A123,1,A142,A153,2,A173,1,A191,A201,A91,0
A11,15,A32,A48,13029,A61,A71,1,A101,1,A123,0,A141,A153,1,A173,1,A191,A201,A91,1
A11,15,A32,A48,13029,A61,A71,1,A101,1,A123,1,A141,A153,1,A173,1,A191,A201,A91,0
A11,15,A30,A49,13030,A61,A71,1,A101,1,A123,0,A141,A153,1,A173,1,A191,A201,A91,1
A11,15,A30,A49,13030,A61,A71,1,A101,1,A123,1,A141,A153,1,A173,1,A191,A201,A91,0
A12,23,A31,A48,13036,A62,A72,2,A102,2,A123,0,A142,A153,2,A174,1,A192,A202,A92,1
A12,23,A31,A48,13036,A62,A72,2,A102,2,A123,1,A142,A153,2,A174,1,A192,A202,A92,0
A12,31,A30,A48,13030,A62,A72,2,A102,2,A123,0,A142,A153,2,A173,1,A191,A201,A91,1
A12,31,A30,A48,13030,A62,A72,2,A102,2,A123,1,A142,A153,2,A173,1,A191,A201,A91,0
A11,15,A32,A49,13030,A61,A71,1,A101,1,A121,0,A141,A153,1,A173,1,A191,A201,A91,1
A11,15,A32,A49,13030,A61,A71,1,A101,1,A121,1,A141,A153,1,A173,1,A191,A201,A91,0
A12,23,A32,A48,13036,A62,A72,2,A102,2,A122,0,A142,A153,2,A174,1,A192,A202,A92,1
A12,23,A32,A48,13036,A62,A72,2,A102,2,A122,1,A142,A153,2,A174,1,A192,A202,A92,0
A12,40,A31,A49,13036,A62,A72,2,A102,2,A122,0,A142,A153,2,A174,1,A192,A202,A92,1
A12,40,A31,A49,13036,A62,A72,2,A102,2,A122,1,A142,A153,2,A174,1,A192,A202,A92,0
A12,52,A30,A49,13030,A62,A72,1,A102,1,A121,0,A142,A153,1,A173,1,A191,A201,A91,1
A12,52,A30,A49,13030,A62,A72,1,A102,1,A121,1,A142,A153,1,A173,1,A191,A201,A91,0
A12,55,A31,A48,13036,A62,A72,3,A102,3,A122,0,A142,A153,3,A174,1,A192,A202,A92,1
A12,55,A31,A48,13036,A62,A72,3,A102,3,A122,1,A142,A153,3,A174,1,A192,A202,A92,0
A12,11,A32,A49,13035,A62,A72,1,A102,1,A123,0,A142,A153,1,A171,1,A191,A201,A91,1
A12,11,A32,A49,13035,A62,A72,1,A102,1,A123,1,A142,A153,1,A171,1,A191,A201,A91,0
A11,41,A32,A49,13029,A61,A71,1,A101,1,A123,0,A141,A153,1,A171,1,A191,A201,A91,1
A11,41,A32,A49,13029,A61,A71,1,A101,1,A123,1,A141,A153,1,A171,1,A191,A201,A91,0
A12,23,A32,A48,13036,A62,A72,2,A102,2,A123,0,A142,A153,2,A172,1,A192,A202,A92,1
A12,23,A32,A48,13036,A62,A72,2,A102,2,A123,1,A142,A153,2,A172,1,A192,A202,A92,0
A12,52,A32,A48,13030,A62,A72,1,A102,1,A123,0,A142,A153,1,A171,1,A191,A201,A91,1
A12,52,A32,A48,13030,A62,A72,1,A102,1,A123,1,A142,A153,1,A171,1,A191,A201,A91,0
A12,31,A30,A49,13032,A62,A72,2,A102,2,A123,0,A142,A153,2,A171,1,A191,A201,A91,1
A12,31,A30,A49,13032,A62,A72,2,A102,2,A123,1,A142,A153,2,A171,1,A191,A201,A91,0
A12,55,A31,A48,13036,A62,A72,3,A102,3,A123,0,A142,A153,3,A172,1,A192,A202,A92,1
A12,55,A31,A48,13036,A62,A72,3,A102,3,A123,1,A142,A153,3,A172,1,A192,A202,A92,0
A12,31,A32,A49,13032,A62,A72,2,A102,2,A121,0,A142,A153,2,A171,1,A191,A201,A91,1
A12,31,A32,A49,13032,A62,A72,2,A102,2,A121,1,A142,A153,2,A171,1,A191,A201,A91,0
A12,55,A32,A48,13036,A62,A72,3,A102,3,A122,0,A142,A153,3,A172,1,A192,A202,A92,1
A12,55,A32,A48,13036,A62,A72,3,A102,3,A122,1,A142,A153,3,A172,1,A192,A202,A92,0
A12,47,A31,A49,13034,A62,A72,2,A102,2,A122,0,A142,A153,2,A172,1,A192,A202,A92,1
A12,47,A31,A49,13034,A62,A72,2,A102,2,A122,1,A142,A153,2,A172,1,A192,A202,A92,0
A12,68,A31,A48,13031,A62,A72,3,A102,3,A122,0,A142,A153,3,A172,1,A192,A202,A92,1
A12,68,A31,A48,13031,A62,A72,3,A102,3,A122,1,A142,A153,3,A172,1,A192,A202,A92,0
A12,15,A32,A49,13035,A62,A72,2,A102,2,A123,0,A142,A151,2,A173,1,A191,A201,A91,1
A12,15,A32,A49,13035,A62,A72,2,A102,2,A123,1,A142,A151,2,A173,1,A191,A201,A91,0
A12,56,A32,A48,13030,A62,A72,2,A102,2,A123,0,A142,A151,2,A173,1,A191,A201,A91,1
A12,56,A32,A48,13030,A62,A72,2,A102,2,A123,1,A142,A151,2,A173,1,A191,A201,A91,0
A12,55,A31,A48,13035,A62,A72,3,A102,3,A123,0,A142,A152,3,A174,1,A192,A202,A92,1
A12,55,A31,A48,13035,A62,A72,3,A102,3,A123,1,A142,A152,3,A174,1,A192,A202,A92,0
A12,23,A32,A49,13036,A62,A72,2,A102,2,A122,0,A142,A152,2,A174,1,A192,A202,A92,1
A12,23,A32,A49,13036,A62,A72,2,A102,2,A122,1,A142,A152,2,A174,1,A192,A202,A92,0
A12,55,A32,A48,13035,A62,A72,3,A102,3,A122,0,A142,A152,3,A174,1,A192,A202,A92,1
A12,55,A32,A48,13035,A62,A72,3,A102,3,A122,1,A142,A152,3,A174,1,A192,A202,A92,0
A12,55,A31,A49,13035,A62,A72,3,A102,3,A122,0,A142,A152,3,A174,1,A192,A202,A92,1
A12,55,A31,A49,13035,A62,A72,3,A102,3,A122,1,A142,A152,3,A174,1,A192,A202,A92,0
A12,55,A31,A49,13035,A62,A72,3,A102,3,A122,0,A142,A152,3,A172,1,A192,A202,A92,1
A12,55,A31,A49,13035,A62,A72,3,A102,3,A122,1,A142,A152,3,A172,1,A192,A202,A92,0
A13,71,A32,A47,13046,A63,A73,3,A103,3,A123,0,A143,A153,3,A174,1,A192,A202,A92,1
A13,71,A32,A47,13046,A63,A73,3,A103,3,A123,1,A143,A153,3,A174,1,A192,A202,A92,0
A12,47,A32,A47,13036,A62,A72,2,A102,2,A123,0,A142,A153,2,A174,1,A192,A202,A92,1
A12,47,A32,A47,13036,A62,A72,2,A102,2,A123,1,A142,A153,2,A174,1,A192,A202,A92,0
A12,64,A31,A47,13031,A62,A72,2,A102,2,A123,0,A142,A153,2,A174,1,A192,A202,A92,1
A12,64,A31,A47,13031,A62,A72,2,A102,2,A123,1,A142,A153,2,A174,1,A192,A202,A92,0
A13,63,A32,A47,13036,A63,A73,3,A103,3,A122,0,A143,A153,3,A174,1,A192,A202,A92,1
A13,63,A32,A47,13036,A63,A73,3,A103,3,A122,1,A143,A153,3,A174,1,A192,A202,A92,0
A13,63,A32,A47,13037,A63,A73,3,A103,3,A123,0,A143,A153,3,A172,1,A192,A202,A92,1
A13,63,A32,A47,13037,A63,A73,3,A103,3,A123,1,A143,A153,3,A172,1,A192,A202,A92,0
A12,64,A32,A47,13031,A62,A72,2,A102,2,A123,0,A142,A153,2,A172,1,A192,A202,A92,1
A12,64,A32,A47,13031,A62,A72,2,A102,2,A123,1,A142,A153,2,A172,1,A192,A202,A92,0
A13,63,A31,A47,13032,A63,A73,3,A103,3,A123,0,A143,A153,3,A172,1,A192,A202,A92,1
A13,63,A31,A47,13032,A63,A73,3,A103,3,A123,1,A143,A153,3,A172,1,A192,A202,A92,0
A13,63,A32,A47,13032,A63,A73,3,A103,3,A122,0,A143,A153,3,A172,1,A192,A202,A92,1
A13,63,A32,A47,13032,A63,A73,3,A103,3,A122,1,A143,A153,3,A172,1,A192,A202,A92,0
A13,63,A32,A47,13037,A63,A73,3,A103,3,A123,0,A143,A152,3,A174,1,A192,A202,A92,1
A13,63,A32,A47,13037,A63,A73,3,A103,3,A123,1,A143,A152,3,A174,1,A192,A202,A92,0
A13,72,A31,A47,13032,A63,A73,3,A103,3,A123,0,A143,A152,3,A174,1,A192,A202,A92,1
A13,72,A31,A47,13032,A63,A73,3,A103,3,A123,1,A143,A152,3,A174,1,A192,A202,A92,0
A13,35,A31,A47,13032,A63,A73,3,A103,3,A123,0,A143,A152,3,A174,1,A192,A202,A92,1
A13,35,A31,A47,13032,A63,A73,3,A103,3,A123,1,A143,A152,3,A174,1,A192,A202,A92,0
A13,72,A32,A47,13032,A63,A73,3,A103,3,A122,0,A143,A152,3,A174,1,A192,A202,A92,1
A13,72,A32,A47,13032,A63,A73,3,A103,3,A122,1,A143,A152,3,A174,1,A192,A202,A92,0
A13,35,A32,A47,13032,A63,A73,3,A103,3,A122,0,A143,A152,3,A174,1,A192,A202,A92,1
A13,35,A32,A47,13032,A63,A73,3,A103,3,A122,1,A143,A152,3,A174,1,A192,A202,A92,0
A13,71,A32,A46,13037,A63,A73,3,A103,3,A123,0,A143,A153,3,A174,1,A192,A202,A92,1
A13,71,A32,A46,13037,A63,A73,3,A103,3,A123,1,A143,A153,3,A174,1,A192,A202,A92,0
A13,71,A32,A46,13032,A63,A73,3,A103,3,A123,0,A143,A153,3,A172,1,A192,A202,A92,1
A13,71,A32,A46,13032,A63,A73,3,A103,3,A123,1,A143,A153,3,A172,1,A192,A202,A92,0
A13,71,A32,A46,13032,A63,A73,3,A103,3,A123,0,A143,A152,3,A174,1,A192,A202,A92,1
A13,71,A32,A46,13032,A63,A73,3,A103,3,A123,1,A143,A152,3,A174,1,A192,A202,A92,0
A12,23,A31,A48,13021,A62,A72,1,A102,1,A121,0,A142,A153,1,A173,1,A191,A201,A91,1
A12,23,A31,A48,13021,A62,A72,1,A102,1,A121,1,A142,A153,1,A173,1,A191,A201,A91,0
A11,7,A32,A48,13019,A61,A71,1,A101,1,A123,0,A141,A153,1,A171,1,A191,A201,A91,1
A11,7,A32,A48,13019,A61,A71,1,A101,1,A123,1,A141,A153,1,A171,1,A191,A201,A91,0
A12,23,A30,A48,13021,A62,A72,1,A102,1,A123,0,A142,A153,1,A171,1,A191,A201,A91,1
A12,23,A30,A48,13021,A62,A72,1,A102,1,A123,1,A142,A153,1,A171,1,A191,A201,A91,0
A12,23,A32,A48,13021,A62,A72,1,A102,1,A121,0,A142,A153,1,A171,1,A191,A201,A91,1
A12,23,A32,A48,13021,A62,A72,1,A102,1,A121,1,A142,A153,1,A171,1,A191,A201,A91,0
A12,23,A30,A49,13020,A62,A72,1,A102,1,A121,0,A142,A153,1,A171,1,A191,A201,A91,1
A12,23,A30,A49,13020,A62,A72,1,A102,1,A121,1,A142,A153,1,A171,1,A191,A201,A91,0
A12,40,A31,A48,13021,A62,A72,2,A102,2,A122,0,A142,A153,2,A172,1,A192,A202,A92,1
A12,40,A31,A48,13021,A62,A72,2,A102,2,A122,1,A142,A153,2,A172,1,A192,A202,A92,0
A11,15,A32,A48,13020,A61,A71,1,A101,1,A123,0,A141,A151,1,A173,1,A191,A201,A91,1
A11,15,A32,A48,13020,A61,A71,1,A101,1,A123,1,A141,A151,1,A173,1,A191,A201,A91,0
A12,23,A30,A49,13025,A62,A72,1,A102,1,A123,0,A142,A151,1,A173,1,A191,A201,A91,1
A12,23,A30,A49,13025,A62,A72,1,A102,1,A123,1,A142,A151,1,A173,1,A191,A201,A91,0
A11,15,A30,A49,13019,A61,A71,1,A101,1,A123,0,A141,A151,1,A173,1,A191,A201,A91,1
A11,15,A30,A49,13019,A61,A71,1,A101,1,A123,1,A141,A151,1,A173,1,A191,A201,A91,0
A12,40,A31,A48,13026,A62,A72,2,A102,2,A123,0,A142,A152,2,A174,1,A192,A202,A92,1
A12,40,A31,A48,13026,A62,A72,2,A102,2,A123,1,A142,A152,2,A174,1,A192,A202,A92,0
A12,31,A30,A48,13020,A62,A72,2,A102,2,A123,0,A142,A151,2,A173,1,A191,A201,A91,1
A12,31,A30,A48,13020,A62,A72,2,A102,2,A123,1,A142,A151,2,A173,1,A191,A201,A91,0
A11,15,A32,A49,13019,A61,A71,1,A101,1,A121,0,A141,A151,1,A173,1,A191,A201,A91,1
A11,15,A32,A49,13019,A61,A71,1,A101,1,A121,1,A141,A151,1,A173,1,A191,A201,A91,0
A12,31,A32,A48,13020,A62,A72,2,A102,2,A121,0,A142,A151,2,A173,1,A191,A201,A91,1
A12,31,A32,A48,13020,A62,A72,2,A102,2,A121,1,A142,A151,2,A173,1,A191,A201,A91,0
A12,52,A30,A49,13020,A62,A72,1,A102,1,A121,0,A142,A151,1,A173,1,A191,A201,A91,1
A12,52,A30,A49,13020,A62,A72,1,A102,1,A121,1,A142,A151,1,A173,1,A191,A201,A91,0
A12,15,A30,A49,13020,A62,A72,2,A102,2,A121,0,A142,A151,2,A173,1,A191,A201,A91,1
A12,15,A30,A49,13020,A62,A72,2,A102,2,A121,1,A142,A151,2,A173,1,A191,A201,A91,0
A12,60,A31,A48,13021,A62,A72,2,A102,2,A122,0,A142,A152,2,A174,1,A192,A202,A92,1
A12,60,A31,A48,13021,A62,A72,2,A102,2,A122,1,A142,A152,2,A174,1,A192,A202,A92,0
A12,23,A31,A48,13021,A62,A72,2,A102,2,A122,0,A142,A152,2,A174,1,A192,A202,A92,1
A12,23,A31,A48,13021,A62,A72,2,A102,2,A122,1,A142,A152,2,A174,1,A192,A202,A92,0
A12,11,A32,A49,13025,A62,A72,1,A102,1,A123,0,A142,A151,1,A171,1,A191,A201,A91,1
A12,11,A32,A49,13025,A62,A72,1,A102,1,A123,1,A142,A151,1,A171,1,A191,A201,A91,0
A12,40,A32,A48,13026,A62,A72,2,A102,2,A123,0,A142,A152,2,A172,1,A192,A202,A92,1
A12,40,A32,A48,13026,A62,A72,2,A102,2,A123,1,A142,A152,2,A172,1,A192,A202,A92,0
A12,52,A32,A48,13020,A62,A72,1,A102,1,A123,0,A142,A151,1,A171,1,A191,A201,A91,1
A12,52,A32,A48,13020,A62,A72,1,A102,1,A123,1,A142,A151,1,A171,1,A191,A201,A91,0
A12,40,A31,A49,13023,A62,A72,2,A102,2,A123,0,A142,A152,2,A172,1,A192,A202,A92,1
A12,40,A31,A49,13023,A62,A72,2,A102,2,A123,1,A142,A152,2,A172,1,A192,A202,A92,0
A12,40,A32,A49,13023,A62,A72,2,A102,2,A122,0,A142,A152,2,A172,1,A192,A202,A92,1
A12,40,A32,A49,13023,A62,A72,2,A102,2,A122,1,A142,A152,2,A172,1,A192,A202,A92,0
A12,47,A31,A49,13026,A62,A72,2,A102,2,A122,0,A142,A152,2,A172,1,A192,A202,A92,1
A12,47,A31,A49,13026,A62,A72,2,A102,2,A122,1,A142,A152,2,A172,1,A192,A202,A92,0
A12,40,A31,A49,13021,A62,A72,2,A102,2,A122,0,A142,A152,2,A172,1,A192,A202,A92,1
A12,40,A31,A49,13021,A62,A72,2,A102,2,A122,1,A142,A152,2,A172,1,A192,A202,A92,0
A11,7,A30,A48,13009,A61,A71,1,A101,1,A121,0,A141,A153,1,A173,1,A191,A201,A91,1
A11,7,A30,A48,13009,A61,A71,1,A101,1,A121,1,A141,A153,1,A173,1,A191,A201,A91,0
A11,15,A30,A48,13014,A61,A71,1,A101,1,A123,0,A141,A153,1,A171,1,A191,A201,A91,1
A11,15,A30,A48,13014,A61,A71,1,A101,1,A123,1,A141,A153,1,A171,1,A191,A201,A91,0
A11,15,A32,A48,13014,A61,A71,1,A101,1,A121,0,A141,A153,1,A171,1,A191,A201,A91,1
A11,15,A32,A48,13014,A61,A71,1,A101,1,A121,1,A141,A153,1,A171,1,A191,A201,A91,0
A11,44,A30,A49,13014,A61,A71,1,A101,1,A121,0,A141,A153,1,A171,1,A191,A201,A91,1
A11,44,A30,A49,13014,A61,A71,1,A101,1,A121,1,A141,A153,1,A171,1,A191,A201,A91,0
A11,7,A30,A49,13014,A61,A71,1,A101,1,A121,0,A141,A153,1,A171,1,A191,A201,A91,1
A11,7,A30,A49,13014,A61,A71,1,A101,1,A121,1,A141,A153,1,A171,1,A191,A201,A91,0
A12,31,A30,A48,13015,A62,A72,2,A102,2,A121,0,A142,A153,2,A171,1,A191,A201,A91,1
A12,31,A30,A48,13015,A62,A72,2,A102,2,A121,1,A142,A153,2,A171,1,A191,A201,A91,0
A11,48,A30,A48,13009,A61,A71,1,A101,1,A121,0,A141,A153,1,A171,1,A191,A201,A91,1
A11,48,A30,A48,13009,A61,A71,1,A101,1,A121,1,A141,A153,1,A171,1,A191,A201,A91,0
A12,11,A30,A48,13010,A62,A72,1,A102,1,A121,0,A142,A153,1,A171,1,A191,A201,A91,1
A12,11,A30,A48,13010,A62,A72,1,A102,1,A121,1,A142,A153,1,A171,1,A191,A201,A91,0
A11,3,A32,A48,13014,A61,A71,1,A101,1,A123,0,A141,A151,1,A173,1,A191,A201,A91,1
A11,3,A32,A48,13014,A61,A71,1,A101,1,A123,1,A141,A151,1,A173,1,A191,A201,A91,0
A11,3,A30,A49,13014,A61,A71,1,A101,1,A123,0,A141,A151,1,A173,1,A191,A201,A91,1
A11,3,A30,A49,13014,A61,A71,1,A101,1,A123,1,A141,A151,1,A173,1,A191,A201,A91,0
A11,15,A30,A48,13010,A61,A71,1,A101,1,A123,0,A141,A151,1,A173,1,A191,A201,A91,1
A11,15,A30,A48,13010,A61,A71,1,A101,1,A123,1,A141,A151,1,A173,1,A191,A201,A91,0
A12,23,A31,A48,13011,A62,A72,1,A102,1,A121,0,A142,A151,1,A173,1,A191,A201,A91,1
A12,23,A31,A48,13011,A62,A72,1,A102,1,A121,1,A142,A151,1,A173,1,A191,A201,A91,0
A12,23,A30,A48,13011,A62,A72,1,A102,1,A123,0,A142,A151,1,A171,1,A191,A201,A91,1
A12,23,A30,A48,13011,A62,A72,1,A102,1,A123,1,A142,A151,1,A171,1,A191,A201,A91,0
A12,23,A32,A48,13011,A62,A72,1,A102,1,A121,0,A142,A151,1,A171,1,A191,A201,A91,1
A12,23,A32,A48,13011,A62,A72,1,A102,1,A121,1,A142,A151,1,A171,1,A191,A201,A91,0
A12,31,A30,A49,13015,A62,A72,2,A102,2,A121,0,A142,A151,2,A171,1,A191,A201,A91,1
A12,31,A30,A49,13015,A62,A72,2,A102,2,A121,1,A142,A151,2,A171,1,A191,A201,A91,0
A12,23,A30,A49,13010,A62,A72,1,A102,1,A121,0,A142,A151,1,A171,1,A191,A201,A91,1
A12,23,A30,A49,13010,A62,A72,1,A102,1,A121,1,A142,A151,1,A171,1,A191,A201,A91,0
A12,40,A31,A47,13023,A62,A72,2,A102,2,A122,0,A142,A153,2,A174,1,A192,A202,A92,1
A12,40,A31,A47,13023,A62,A72,2,A102,2,A122,1,A142,A153,2,A174,1,A192,A202,A92,0
A12,40,A32,A47,13026,A62,A72,2,A102,2,A123,0,A142,A153,2,A172,1,A192,A202,A92,1
A12,40,A32,A47,13026,A62,A72,2,A102,2,A123,1,A142,A153,2,A172,1,A192,A202,A92,0
A12,15,A32,A47,13020,A62,A72,2,A102,2,A123,0,A142,A153,2,A171,1,A191,A201,A91,1
A12,15,A32,A47,13020,A62,A72,2,A102,2,A123,1,A142,A153,2,A171,1,A191,A201,A91,0
A12,60,A31,A47,13021,A62,A72,2,A102,2,A123,0,A142,A153,2,A172,1,A192,A202,A92,1
A12,60,A31,A47,13021,A62,A72,2,A102,2,A123,1,A142,A153,2,A172,1,A192,A202,A92,0
A12,60,A32,A47,13021,A62,A72,2,A102,2,A122,0,A142,A153,2,A172,1,A192,A202,A92,1
A12,60,A32,A47,13021,A62,A72,2,A102,2,A122,1,A142,A153,2,A172,1,A192,A202,A92,0
A13,63,A31,A47,13026,A63,A73,3,A103,3,A122,0,A143,A153,3,A172,1,A192,A202,A92,1
A13,63,A31,A47,13026,A63,A73,3,A103,3,A122,1,A143,A153,3,A172,1,A192,A202,A92,0
A12,55,A31,A47,13025,A62,A72,3,A102,3,A122,0,A142,A152,3,A173,1,A192,A202,A92,1
A12,55,A31,A47,13025,A62,A72,3,A102,3,A122,1,A142,A152,3,A173,1,A192,A202,A92,0
A12,40,A32,A46,13023,A62,A72,2,A102,2,A123,0,A142,A153,2,A174,1,A192,A202,A92,1
A12,40,A32,A46,13023,A62,A72,2,A102,2,A123,1,A142,A153,2,A174,1,A192,A202,A92,0
A13,63,A32,A45,13026,A63,A73,3,A103,3,A123,0,A143,A153,3,A174,1,A192,A202,A92,1
A13,63,A32,A45,13026,A63,A73,3,A103,3,A123,1,A143,A153,3,A174,1,A192,A202,A92,0
A12,55,A31,A46,13025,A62,A72,3,A102,3,A123,0,A142,A153,3,A174,1,A192,A202,A92,1
A12,55,A31,A46,13025,A62,A72,3,A102,3,A123,1,A142,A153,3,A174,1,A192,A202,A92,0
A13,63,A32,A46,13026,A63,A73,3,A103,3,A122,0,A143,A153,3,A174,1,A192,A202,A92,1
A13,63,A32,A46,13026,A63,A73,3,A103,3,A122,1,A143,A153,3,A174,1,A192,A202,A92,0
A13,71,A31,A46,13027,A63,A73,3,A103,3,A123,0,A143,A153,3,A172,1,A192,A202,A92,1
A13,71,A31,A46,13027,A63,A73,3,A103,3,A123,1,A143,A153,3,A172,1,A192,A202,A92,0
A13,71,A32,A46,13027,A63,A73,3,A103,3,A122,0,A143,A153,3,A172,1,A192,A202,A92,1
A13,71,A32,A46,13027,A63,A73,3,A103,3,A122,1,A143,A153,3,A172,1,A192,A202,A92,0
A13,63,A32,A46,13026,A63,A73,3,A103,3,A123,0,A143,A152,3,A174,1,A192,A202,A92,1
A13,63,A32,A46,13026,A63,A73,3,A103,3,A123,1,A143,A152,3,A174,1,A192,A202,A92,0
A13,71,A31,A46,13027,A63,A73,3,A103,3,A123,0,A143,A152,3,A174,1,A192,A202,A92,1
A13,71,A31,A46,13027,A63,A73,3,A103,3,A123,1,A143,A152,3,A174,1,A192,A202,A92,0
A13,71,A32,A46,13027,A63,A73,3,A103,3,A122,0,A143,A152,3,A174,1,A192,A202,A92,1
A13,71,A32,A46,13027,A63,A73,3,A103,3,A122,1,A143,A152,3,A174,1,A192,A202,A92,0
A13,71,A31,A46,13022,A63,A73,3,A103,3,A122,0,A143,A152,3,A174,1,A192,A202,A92,1
A13,71,A31,A46,13022,A63,A73,3,A103,3,A122,1,A143,A152,3,A174,1,A192,A202,A92,0
A12,23,A31,A47,13011,A62,A72,1,A102,1,A122,0,A142,A153,1,A173,1,A191,A201,A91,1
A12,23,A31,A47,13011,A62,A72,1,A102,1,A122,1,A142,A153,1,A173,1,A191,A201,A91,0
A12,23,A31,A47,13011,A62,A72,1,A102,1,A123,0,A142,A153,1,A171,1,A191,A201,A91,1
A12,23,A31,A47,13011,A62,A72,1,A102,1,A123,1,A142,A153,1,A171,1,A191,A201,A91,0
A12,23,A32,A47,13010,A62,A72,1,A102,1,A121,0,A142,A153,1,A171,1,A191,A201,A91,1
A12,23,A32,A47,13010,A62,A72,1,A102,1,A121,1,A142,A153,1,A171,1,A191,A201,A91,0
A12,47,A31,A47,13016,A62,A72,2,A102,2,A122,0,A142,A153,2,A172,1,A192,A202,A92,1
A12,47,A31,A47,13016,A62,A72,2,A102,2,A122,1,A142,A153,2,A172,1,A192,A202,A92,0
A12,23,A32,A47,13015,A62,A72,1,A102,1,A123,0,A142,A151,1,A173,1,A191,A201,A91,1
A12,23,A32,A47,13015,A62,A72,1,A102,1,A123,1,A142,A151,1,A173,1,A191,A201,A91,0
A11,7,A32,A47,13009,A61,A71,1,A101,1,A123,0,A141,A151,1,A173,1,A191,A201,A91,1
A11,7,A32,A47,13009,A61,A71,1,A101,1,A123,1,A141,A151,1,A173,1,A191,A201,A91,0
A12,52,A30,A47,13010,A62,A72,1,A102,1,A123,0,A142,A151,1,A173,1,A191,A201,A91,1
A12,52,A30,A47,13010,A62,A72,1,A102,1,A123,1,A142,A151,1,A173,1,A191,A201,A91,0
A12,52,A32,A47,13010,A62,A72,1,A102,1,A121,0,A142,A151,1,A173,1,A191,A201,A91,1
A12,52,A32,A47,13010,A62,A72,1,A102,1,A121,1,A142,A151,1,A173,1,A191,A201,A91,0
A12,64,A31,A47,13016,A62,A72,2,A102,2,A122,0,A142,A152,2,A174,1,A192,A202,A92,1
A12,64,A31,A47,13016,A62,A72,2,A102,2,A122,1,A142,A152,2,A174,1,A192,A202,A92,0
A12,27,A31,A47,13016,A62,A72,3,A102,3,A122,0,A142,A152,3,A174,1,A192,A202,A92,1
A12,27,A31,A47,13016,A62,A72,3,A102,3,A122,1,A142,A152,3,A174,1,A192,A202,A92,0
A12,47,A31,A47,13014,A62,A72,2,A102,2,A122,0,A142,A152,2,A172,1,A192,A202,A92,1
A12,47,A31,A47,13014,A62,A72,2,A102,2,A122,1,A142,A152,2,A172,1,A192,A202,A92,0
A12,31,A32,A45,13010,A62,A72,2,A102,2,A123,0,A142,A153,2,A173,1,A191,A201,A91,1
A12,31,A32,A45,13010,A62,A72,2,A102,2,A123,1,A142,A153,2,A173,1,A191,A201,A91,0
A12,31,A30,A46,13012,A62,A72,2,A102,2,A123,0,A142,A153,2,A173,1,A191,A201,A91,1
A12,31,A30,A46,13012,A62,A72,2,A102,2,A123,1,A142,A153,2,A173,1,A191,A201,A91,0
A12,40,A32,A46,13016,A62,A72,2,A102,2,A122,0,A142,A153,2,A174,1,A192,A202,A92,1
A12,40,A32,A46,13016,A62,A72,2,A102,2,A122,1,A142,A153,2,A174,1,A192,A202,A92,0
A12,47,A32,A45,13011,A62,A72,2,A102,2,A122,0,A142,A153,2,A174,1,A192,A202,A92,1
A12,47,A32,A45,13011,A62,A72,2,A102,2,A122,1,A142,A153,2,A174,1,A192,A202,A92,0
A12,47,A31,A46,13014,A62,A72,2,A102,2,A122,0,A142,A153,2,A174,1,A192,A202,A92,1
A12,47,A31,A46,13014,A62,A72,2,A102,2,A122,1,A142,A153,2,A174,1,A192,A202,A92,0
A12,55,A32,A45,13015,A62,A72,3,A102,3,A123,0,A142,A153,3,A172,1,A192,A202,A92,1
A12,55,A32,A45,13015,A62,A72,3,A102,3,A123,1,A142,A153,3,A172,1,A192,A202,A92,0
A12,47,A31,A46,13014,A62,A72,2,A102,2,A123,0,A142,A153,2,A172,1,A192,A202,A92,1
A12,47,A31,A46,13014,A62,A72,2,A102,2,A123,1,A142,A153,2,A172,1,A192,A202,A92,0
A12,47,A32,A46,13014,A62,A72,2,A102,2,A122,0,A142,A153,2,A172,1,A192,A202,A92,1
A12,47,A32,A46,13014,A62,A72,2,A102,2,A122,1,A142,A153,2,A172,1,A192,A202,A92,0
A13,63,A31,A46,13017,A63,A73,3,A103,3,A122,0,A143,A153,3,A172,1,A192,A202,A92,1
A13,63,A31,A46,13017,A63,A73,3,A103,3,A122,1,A143,A153,3,A172,1,A192,A202,A92,0
A12,55,A31,A46,13015,A62,A72,3,A102,3,A122,0,A142,A152,3,A174,1,A192,A202,A92,1
A12,55,A31,A46,13015,A62,A72,3,A102,3,A122,1,A142,A152,3,A174,1,A192,A202,A92,0
A13,63,A32,A46,13016,A63,A73,3,A103,3,A123,0,A143,A152,3,A172,1,A192,A202,A92,1
A13,63,A32,A46,13016,A63,A73,3,A103,3,A123,1,A143,A152,3,A172,1,A192,A202,A92,0
A11,3,A30,A48,13000,A61,A71,1,A101,1,A121,0,A141,A153,1,A171,1,A191,A201,A91,1
A11,3,A30,A48,13000,A61,A71,1,A101,1,A121,1,A141,A153,1,A171,1,A191,A201,A91,0
A11,44,A30,A48,13000,A61,A71,1,A101,1,A121,0,A141,A151,1,A173,1,A191,A201,A91,1
A11,44,A30,A48,13000,A61,A71,1,A101,1,A121,1,A141,A151,1,A173,1,A191,A201,A91,0
A11,7,A30,A48,13001,A61,A71,1,A101,1,A121,0,A141,A151,1,A173,1,A191,A201,A91,1
A11,7,A30,A48,13001,A61,A71,1,A101,1,A121,1,A141,A151,1,A173,1,A191,A201,A91,0
A11,7,A30,A48,13000,A61,A71,1,A101,1,A123,0,A141,A151,1,A171,1,A191,A201,A91,1
A11,7,A30,A48,13000,A61,A71,1,A101,1,A123,1,A141,A151,1,A171,1,A191,A201,A91,0
A11,0,A32,A48,13000,A61,A71,3,A101,1,A121,0,A141,A151,1,A171,1,A191,A201,A91,1
A11,0,A32,A48,13000,A61,A71,3,A101,1,A121,1,A141,A151,1,A171,1,A191,A201,A91,0
A12,52,A30,A48,13002,A62,A72,1,A102,1,A121,0,A142,A151,1,A171,1,A191,A201,A91,1
A12,52,A30,A48,13002,A62,A72,1,A102,1,A121,1,A142,A151,1,A171,1,A191,A201,A91,0
A11,7,A30,A48,12990,A61,A71,1,A101,1,A121,0,A141,A151,1,A171,1,A191,A201,A91,1
A11,7,A30,A48,12990,A61,A71,1,A101,1,A121,1,A141,A151,1,A171,1,A191,A201,A91,0
A11,0,A30,A47,13000,A61,A71,3,A101,1,A121,0,A141,A153,1,A173,1,A191,A201,A91,1
A11,0,A30,A47,13000,A61,A71,3,A101,1,A121,1,A141,A153,1,A173,1,A191,A201,A91,0
A11,7,A30,A47,13001,A61,A71,1,A101,1,A121,0,A141,A153,1,A173,1,A191,A201,A91,1
A11,7,A30,A47,13001,A61,A71,1,A101,1,A121,1,A141,A153,1,A173,1,A191,A201,A91,0
A11,3,A30,A47,13000,A61,A71,1,A101,1,A123,0,A141,A153,1,A171,1,A191,A201,A91,1
A11,3,A30,A47,13000,A61,A71,1,A101,1,A123,1,A141,A153,1,A171,1,A191,A201,A91,0
A11,3,A32,A47,13000,A61,A71,1,A101,1,A121,0,A141,A153,1,A171,1,A191,A201,A91,1
A11,3,A32,A47,13000,A61,A71,1,A101,1,A121,1,A141,A153,1,A171,1,A191,A201,A91,0
A12,23,A30,A47,13002,A62,A72,1,A102,1,A121,0,A142,A153,1,A171,1,A191,A201,A91,1
A12,23,A30,A47,13002,A62,A72,1,A102,1,A121,1,A142,A153,1,A171,1,A191,A201,A91,0
A11,15,A30,A47,13001,A61,A71,1,A101,1,A123,0,A141,A151,1,A173,1,A191,A201,A91,1
A11,15,A30,A47,13001,A61,A71,1,A101,1,A123,1,A141,A151,1,A173,1,A191,A201,A91,0
A11,15,A32,A47,13001,A61,A71,1,A101,1,A121,0,A141,A151,1,A173,1,A191,A201,A91,1
A11,15,A32,A47,13001,A61,A71,1,A101,1,A121,1,A141,A151,1,A173,1,A191,A201,A91,0
A11,48,A30,A47,13001,A61,A71,3,A101,1,A121,0,A141,A151,1,A173,1,A191,A201,A91,1
A11,48,A30,A47,13001,A61,A71,3,A101,1,A121,1,A141,A151,1,A173,1,A191,A201,A91,0
A11,0,A32,A47,13000,A61,A71,3,A101,1,A123,0,A141,A151,1,A171,1,A191,A201,A91,1
A11,0,A32,A47,13000,A61,A71,3,A101,1,A123,1,A141,A151,1,A171,1,A191,A201,A91,0
A11,7,A32,A47,13001,A61,A71,1,A101,1,A123,0,A141,A151,1,A171,1,A191,A201,A91,1
A11,7,A32,A47,13001,A61,A71,1,A101,1,A123,1,A141,A151,1,A171,1,A191,A201,A91,0
A12,15,A30,A47,13003,A62,A72,2,A102,2,A123,0,A142,A151,2,A171,1,A191,A201,A91,1
A12,15,A30,A47,13003,A62,A72,2,A102,2,A123,1,A142,A151,2,A171,1,A191,A201,A91,0
A12,15,A32,A47,13003,A62,A72,2,A102,2,A121,0,A142,A151,2,A171,1,A191,A201,A91,1
A12,15,A32,A47,13003,A62,A72,2,A102,2,A121,1,A142,A151,2,A171,1,A191,A201,A91,0
A12,56,A30,A47,13003,A62,A72,3,A102,2,A121,0,A142,A151,2,A171,1,A191,A201,A91,1
A12,56,A30,A47,13003,A62,A72,3,A102,2,A121,1,A142,A151,2,A171,1,A191,A201,A91,0
A11,7,A30,A47,12990,A61,A71,1,A101,1,A123,0,A141,A151,1,A171,1,A191,A201,A91,1
A11,7,A30,A47,12990,A61,A71,1,A101,1,A123,1,A141,A151,1,A171,1,A191,A201,A91,0
A11,7,A32,A47,12990,A61,A71,1,A101,1,A121,0,A141,A151,1,A171,1,A191,A201,A91,1
A11,7,A32,A47,12990,A61,A71,1,A101,1,A121,1,A141,A151,1,A171,1,A191,A201,A91,0
A11,48,A30,A47,12990,A61,A71,1,A101,1,A121,0,A141,A151,1,A171,1,A191,A201,A91,1
A11,48,A30,A47,12990,A61,A71,1,A101,1,A121,1,A141,A151,1,A171,1,A191,A201,A91,0
A12,11,A30,A47,12991,A62,A72,1,A102,1,A121,0,A142,A151,1,A171,1,A191,A201,A91,1
A12,11,A30,A47,12991,A62,A72,1,A102,1,A121,1,A142,A151,1,A171,1,A191,A201,A91,0
A12,31,A31,A45,13003,A62,A72,2,A102,2,A122,0,A142,A153,2,A173,1,A191,A201,A91,1
A12,31,A31,A45,13003,A62,A72,2,A102,2,A122,1,A142,A153,2,A173,1,A191,A201,A91,0
A11,3,A32,A46,13000,A61,A71,1,A101,1,A123,0,A141,A153,1,A171,1,A191,A201,A91,1
A11,3,A32,A46,13000,A61,A71,1,A101,1,A123,1,A141,A153,1,A171,1,A191,A201,A91,0
A12,47,A32,A45,13004,A62,A72,2,A102,2,A122,0,A142,A153,2,A172,1,A192,A202,A92,1
A12,47,A32,A45,13004,A62,A72,2,A102,2,A122,1,A142,A153,2,A172,1,A192,A202,A92,0
A12,23,A31,A46,13004,A62,A72,2,A102,2,A122,0,A142,A153,2,A172,1,A192,A202,A92,1
A12,23,A31,A46,13004,A62,A72,2,A102,2,A122,1,A142,A153,2,A172,1,A192,A202,A92,0
A11,15,A32,A46,13001,A61,A71,1,A101,1,A123,0,A141,A151,1,A173,1,A191,A201,A91,1
A11,15,A32,A46,13001,A61,A71,1,A101,1,A123,1,A141,A151,1,A173,1,A191,A201,A91,0
A12,27,A31,A45,13005,A62,A72,3,A102,3,A123,0,A142,A152,3,A174,1,A192,A202,A92,1
A12,27,A31,A45,13005,A62,A72,3,A102,3,A123,1,A142,A152,3,A174,1,A192,A202,A92,0
A12,47,A31,A46,13004,A62,A72,2,A102,2,A122,0,A142,A152,2,A174,1,A192,A202,A92,1
A12,47,A31,A46,13004,A62,A72,2,A102,2,A122,1,A142,A152,2,A174,1,A192,A202,A92,0
A12,40,A32,A46,13004,A62,A72,2,A102,2,A123,0,A142,A152,2,A172,1,A192,A202,A92,1
A12,40,A32,A46,13004,A62,A72,2,A102,2,A123,1,A142,A152,2,A172,1,A192,A202,A92,0
A12,55,A31,A46,13005,A62,A72,3,A102,3,A122,0,A142,A152,3,A172,1,A192,A202,A92,1
A12,55,A31,A46,13005,A62,A72,3,A102,3,A122,1,A142,A152,3,A172,1,A192,A202,A92,0
A11,0,A32,A45,12995,A61,A71,1,A101,1,A123,0,A141,A153,1,A173,1,A191,A201,A91,1
A11,0,A32,A45,12995,A61,A71,1,A101,1,A123,1,A141,A153,1,A173,1,A191,A201,A91,0
A11,7,A30,A45,12990,A61,A71,1,A101,1,A123,0,A141,A153,1,A173,1,A191,A201,A91,1
A11,7,A30,A45,12990,A61,A71,1,A101,1,A123,1,A141,A153,1,A173,1,A191,A201,A91,0
A11,7,A32,A45,12990,A61,A71,1,A101,1,A121,0,A141,A153,1,A173,1,A191,A201,A91,1
A11,7,A32,A45,12990,A61,A71,1,A101,1,A121,1,A141,A153,1,A173,1,A191,A201,A91,0
A11,7,A30,A46,12990,A61,A71,1,A101,1,A121,0,A141,A153,1,A173,1,A191,A201,A91,1
A11,7,A30,A46,12990,A61,A71,1,A101,1,A121,1,A141,A153,1,A173,1,A191,A201,A91,0
A12,31,A30,A45,12996,A62,A72,2,A102,2,A123,0,A142,A153,2,A171,1,A191,A201,A91,1
A12,31,A30,A45,12996,A62,A72,2,A102,2,A123,1,A142,A153,2,A171,1,A191,A201,A91,0
A12,31,A32,A45,12996,A62,A72,2,A102,2,A121,0,A142,A153,2,A171,1,A191,A201,A91,1
A12,31,A32,A45,12996,A62,A72,2,A102,2,A121,1,A142,A153,2,A171,1,A191,A201,A91,0
A12,31,A31,A45,12993,A62,A72,2,A102,2,A122,0,A142,A151,2,A173,1,A191,A201,A91,1
A12,31,A31,A45,12993,A62,A72,2,A102,2,A122,1,A142,A151,2,A173,1,A191,A201,A91,0
A12,40,A31,A46,12994,A62,A72,2,A102,2,A122,0,A142,A152,2,A172,1,A192,A202,A92,1
A12,40,A31,A46,12994,A62,A72,2,A102,2,A122,1,A142,A152,2,A172,1,A192,A202,A92,0
A11,0,A30,A48,12985,A61,A71,1,A101,1,A121,0,A141,A151,1,A171,1,A191,A201,A91,1
A11,0,A30,A48,12985,A61,A71,1,A101,1,A121,1,A141,A151,1,A171,1,A191,A201,A91,0
A11,0,A32,A47,12985,A61,A71,1,A101,1,A121,0,A141,A151,1,A171,1,A191,A201,A91,1
A11,0,A32,A47,12985,A61,A71,1,A101,1,A121,1,A141,A151,1,A171,1,A191,A201,A91,0
A11,7,A30,A47,12980,A61,A71,1,A101,1,A121,0,A141,A151,1,A171,1,A191,A201,A91,1
A11,7,A30,A47,12980,A61,A71,1,A101,1,A121,1,A141,A151,1,A171,1,A191,A201,A91,0
A11,0,A30,A46,12985,A61,A71,1,A101,1,A121,0,A141,A153,1,A173,1,A191,A201,A91,1
A11,0,A30,A46,12985,A61,A71,1,A101,1,A121,1,A141,A153,1,A173,1,A191,A201,A91,0
A11,7,A30,A45,12980,A61,A71,1,A101,1,A121,0,A141,A153,1,A173,1,A191,A201,A91,1
A11,7,A30,A45,12980,A61,A71,1,A101,1,A121,1,A141,A153,1,A173,1,A191,A201,A91,0
A11,15,A30,A45,12981,A61,A71,1,A101,1,A121,0,A141,A153,1,A171,1,A191,A201,A91,1
A11,15,A30,A45,12981,A61,A71,1,A101,1,A121,1,A141,A153,1,A171,1,A191,A201,A91,0
A11,7,A32,A45,12980,A61,A71,1,A101,1,A123,0,A141,A151,1,A171,1,A191,A201,A91,1
A11,7,A32,A45,12980,A61,A71,1,A101,1,A123,1,A141,A151,1,A171,1,A191,A201,A91,0
A11,7,A32,A46,12980,A61,A71,1,A101,1,A121,0,A141,A151,1,A171,1,A191,A201,A91,1
A11,7,A32,A46,12980,A61,A71,1,A101,1,A121,1,A141,A151,1,A171,1,A191,A201,A91,0
A12,31,A32,A45,12986,A62,A72,2,A102,2,A121,0,A142,A151,2,A171,1,A191,A201,A91,1
A12,31,A32,A45,12986,A62,A72,2,A102,2,A121,1,A142,A151,2,A171,1,A191,A201,A91,0
A12,23,A30,A46,12982,A62,A72,1,A102,1,A121,0,A142,A151,1,A171,1,A191,A201,A91,1
A12,23,A30,A46,12982,A62,A72,1,A102,1,A121,1,A142,A151,1,A171,1,A191,A201,A91,0
A12,40,A31,A45,12984,A62,A72,2,A102,2,A122,0,A142,A152,2,A172,1,A192,A202,A92,1
A12,40,A31,A45,12984,A62,A72,2,A102,2,A122,1,A142,A152,2,A172,1,A192,A202,A92,0
A11,0,A30,A45,12970,A61,A71,1,A101,1,A121,0,A141,A153,1,A171,1,A191,A201,A91,1
A11,0,A30,A45,12970,A61,A71,1,A101,1,A121,1,A141,A153,1,A171,1,A191,A201,A91,0
A11,7,A30,A45,12970,A61,A71,1,A101,1,A121,0,A141,A151,1,A173,1,A191,A201,A91,1
A11,7,A30,A45,12970,A61,A71,1,A101,1,A121,1,A141,A151,1,A173,1,A191,A201,A91,0
A11,15,A30,A45,12971,A61,A71,1,A101,1,A121,0,A141,A151,1,A171,1,A191,A201,A91,1
A11,15,A30,A45,12971,A61,A71,1,A101,1,A121,1,A141,A151,1,A171,1,A191,A201,A91,0
A13,63,A32,A44,13017,A63,A73,3,A103,3,A123,0,A143,A153,3,A174,1,A192,A202,A92,1
A13,63,A32,A44,13017,A63,A73,3,A103,3,A123,1,A143,A153,3,A174,1,A192,A202,A92,0
A12,64,A32,A44,13011,A62,A72,2,A102,2,A123,0,A142,A153,2,A174,1,A192,A202,A92,1
A12,64,A32,A44,13011,A62,A72,2,A102,2,A123,1,A142,A153,2,A174,1,A192,A202,A92,0
A13,76,A32,A43,13012,A63,A73,3,A103,3,A123,0,A143,A153,3,A174,1,A192,A202,A92,1
A13,76,A32,A43,13012,A63,A73,3,A103,3,A123,1,A143,A153,3,A174,1,A192,A202,A92,0
A13,72,A31,A44,13012,A63,A73,3,A103,3,A123,0,A143,A153,3,A174,1,A192,A202,A92,1
A13,72,A31,A44,13012,A63,A73,3,A103,3,A123,1,A143,A153,3,A174,1,A192,A202,A92,0
A13,72,A32,A44,13012,A63,A73,3,A103,3,A122,0,A143,A153,3,A174,1,A192,A202,A92,1
A13,72,A32,A44,13012,A63,A73,3,A103,3,A122,1,A143,A153,3,A174,1,A192,A202,A92,0
A11,48,A32,A44,13001,A61,A71,3,A101,1,A123,0,A141,A153,1,A173,1,A191,A201,A91,1
A11,48,A32,A44,13001,A61,A71,3,A101,1,A123,1,A141,A153,1,A173,1,A191,A201,A91,0
A12,15,A32,A44,13003,A62,A72,3,A102,2,A123,0,A142,A153,2,A173,1,A191,A201,A91,1
A12,15,A32,A44,13003,A62,A72,3,A102,2,A123,1,A142,A153,2,A173,1,A191,A201,A91,0
A12,68,A32,A43,13005,A62,A72,3,A102,3,A123,0,A142,A153,3,A174,1,A192,A202,A92,1
A12,68,A32,A43,13005,A62,A72,3,A102,3,A123,1,A142,A153,3,A174,1,A192,A202,A92,0
A12,64,A31,A44,13004,A62,A72,2,A102,2,A123,0,A142,A153,2,A174,1,A192,A202,A92,1
A12,64,A31,A44,13004,A62,A72,2,A102,2,A123,1,A142,A153,2,A174,1,A192,A202,A92,0
A12,27,A31,A44,13005,A62,A72,3,A102,3,A123,0,A142,A153,3,A174,1,A192,A202,A92,1
A12,27,A31,A44,13005,A62,A72,3,A102,3,A123,1,A142,A153,3,A174,1,A192,A202,A92,0
A13,35,A31,A44,13007,A63,A73,1,A103,3,A123,0,A143,A153,3,A174,1,A192,A202,A92,1
A13,35,A31,A44,13007,A63,A73,1,A103,3,A123,1,A143,A153,3,A174,1,A192,A202,A92,0
A13,71,A31,A43,13007,A63,A73,3,A103,3,A123,0,A143,A153,3,A174,1,A192,A202,A92,1
A13,71,A31,A43,13007,A63,A73,3,A103,3,A123,1,A143,A153,3,A174,1,A192,A202,A92,0
A12,64,A32,A44,13004,A62,A72,2,A102,2,A122,0,A142,A153,2,A174,1,A192,A202,A92,1
A12,64,A32,A44,13004,A62,A72,2,A102,2,A122,1,A142,A153,2,A174,1,A192,A202,A92,0
A12,27,A32,A44,13005,A62,A72,3,A102,3,A122,0,A142,A153,3,A174,1,A192,A202,A92,1
A12,27,A32,A44,13005,A62,A72,3,A102,3,A122,1,A142,A153,3,A174,1,A192,A202,A92,0
A13,35,A32,A44,13007,A63,A73,1,A103,3,A122,0,A143,A153,3,A174,1,A192,A202,A92,1
A13,35,A32,A44,13007,A63,A73,1,A103,3,A122,1,A143,A153,3,A174,1,A192,A202,A92,0
A13,76,A32,A43,13007,A63,A73,3,A103,3,A122,0,A143,A153,3,A174,1,A192,A202,A92,1
A13,76,A32,A43,13007,A63,A73,3,A103,3,A122,1,A143,A153,3,A174,1,A192,A202,A92,0
A13,72,A31,A44,13006,A63,A73,3,A103,3,A122,0,A143,A153,3,A174,1,A192,A202,A92,1
A13,72,A31,A44,13006,A63,A73,3,A103,3,A122,1,A143,A153,3,A174,1,A192,A202,A92,0
A13,35,A31,A44,13007,A63,A73,3,A103,3,A122,0,A143,A153,3,A174,1,A192,A202,A92,1
A13,35,A31,A44,13007,A63,A73,3,A103,3,A122,1,A143,A153,3,A174,1,A192,A202,A92,0
A12,64,A32,A44,13004,A62,A72,2,A102,2,A123,0,A142,A153,2,A172,1,A192,A202,A92,1
A12,64,A32,A44,13004,A62,A72,2,A102,2,A123,1,A142,A153,2,A172,1,A192,A202,A92,0
A13,71,A32,A44,13007,A63,A73,3,A103,3,A122,0,A143,A153,3,A172,1,A192,A202,A92,1
A13,71,A32,A44,13007,A63,A73,3,A103,3,A122,1,A143,A153,3,A172,1,A192,A202,A92,0
A13,63,A32,A44,13006,A63,A73,3,A103,3,A123,0,A143,A152,3,A174,1,A192,A202,A92,1
A13,63,A32,A44,13006,A63,A73,3,A103,3,A123,1,A143,A152,3,A174,1,A192,A202,A92,0
A13,71,A32,A44,13007,A63,A73,3,A103,3,A122,0,A143,A152,3,A174,1,A192,A202,A92,1
A13,71,A32,A44,13007,A63,A73,3,A103,3,A122,1,A143,A152,3,A174,1,A192,A202,A92,0
A13,71,A32,A44,13007,A63,A73,3,A103,3,A123,0,A143,A152,3,A172,1,A192,A202,A92,1
A13,71,A32,A44,13007,A63,A73,3,A103,3,A123,1,A143,A152,3,A172,1,A192,A202,A92,0
A12,11,A32,A44,12996,A62,A72,1,A102,1,A123,0,A142,A153,1,A173,1,A191,A201,A91,1
A12,11,A32,A44,12996,A62,A72,1,A102,1,A123,1,A142,A153,1,A173,1,A191,A201,A91,0
A11,7,A32,A44,12990,A61,A71,1,A101,1,A123,0,A141,A153,1,A173,1,A191,A201,A91,1
A11,7,A32,A44,12990,A61,A71,1,A101,1,A123,1,A141,A153,1,A173,1,A191,A201,A91,0
A12,23,A32,A43,12997,A62,A72,2,A102,2,A123,0,A142,A153,2,A174,1,A192,A202,A92,1
A12,23,A32,A43,12997,A62,A72,2,A102,2,A123,1,A142,A153,2,A174,1,A192,A202,A92,0
A12,56,A30,A44,12996,A62,A72,2,A102,2,A123,0,A142,A153,2,A173,1,A191,A201,A91,1
A12,56,A30,A44,12996,A62,A72,2,A102,2,A123,1,A142,A153,2,A173,1,A191,A201,A91,0
A12,55,A31,A43,12997,A62,A72,3,A102,3,A123,0,A142,A153,3,A174,1,A192,A202,A92,1
A12,55,A31,A43,12997,A62,A72,3,A102,3,A123,1,A142,A153,3,A174,1,A192,A202,A92,0
A12,60,A31,A43,12992,A62,A72,2,A102,2,A123,0,A142,A153,2,A174,1,A192,A202,A92,1
A12,60,A31,A43,12992,A62,A72,2,A102,2,A123,1,A142,A153,2,A174,1,A192,A202,A92,0
A12,47,A31,A44,12995,A62,A72,2,A102,2,A122,0,A142,A153,2,A174,1,A192,A202,A92,1
A12,47,A31,A44,12995,A62,A72,2,A102,2,A122,1,A142,A153,2,A174,1,A192,A202,A92,0
A12,47,A31,A44,12995,A62,A72,2,A102,2,A123,0,A142,A153,2,A172,1,A192,A202,A92,1
A12,47,A31,A44,12995,A62,A72,2,A102,2,A123,1,A142,A153,2,A172,1,A192,A202,A92,0
A12,40,A32,A44,12992,A62,A72,2,A102,2,A122,0,A142,A153,2,A172,1,A192,A202,A92,1
A12,40,A32,A44,12992,A62,A72,2,A102,2,A122,1,A142,A153,2,A172,1,A192,A202,A92,0
A12,68,A32,A43,12992,A62,A72,3,A102,3,A122,0,A142,A153,3,A172,1,A192,A202,A92,1
A12,68,A32,A43,12992,A62,A72,3,A102,3,A122,1,A142,A153,3,A172,1,A192,A202,A92,0
A13,63,A31,A44,12997,A63,A73,3,A103,3,A122,0,A143,A153,3,A172,1,A192,A202,A92,1
A13,63,A31,A44,12997,A63,A73,3,A103,3,A122,1,A143,A153,3,A172,1,A192,A202,A92,0
A12,40,A32,A44,12997,A62,A72,2,A102,2,A123,0,A142,A152,2,A174,1,A192,A202,A92,1
A12,40,A32,A44,12997,A62,A72,2,A102,2,A123,1,A142,A152,2,A174,1,A192,A202,A92,0
A12,52,A32,A44,12991,A62,A72,1,A102,1,A123,0,A142,A151,1,A173,1,A191,A201,A91,1
A12,52,A32,A44,12991,A62,A72,1,A102,1,A123,1,A142,A151,1,A173,1,A191,A201,A91,0
A12,55,A32,A43,12996,A62,A72,3,A102,3,A123,0,A142,A152,3,A174,1,A192,A202,A92,1
A12,55,A32,A43,12996,A62,A72,3,A102,3,A123,1,A142,A152,3,A174,1,A192,A202,A92,0
A12,60,A31,A44,12992,A62,A72,2,A102,2,A123,0,A142,A152,2,A174,1,A192,A202,A92,1
A12,60,A31,A44,12992,A62,A72,2,A102,2,A123,1,A142,A152,2,A174,1,A192,A202,A92,0
A12,55,A32,A44,12996,A62,A72,3,A102,3,A122,0,A142,A152,3,A174,1,A192,A202,A92,1
A12,55,A32,A44,12996,A62,A72,3,A102,3,A122,1,A142,A152,3,A174,1,A192,A202,A92,0
A13,63,A31,A44,12997,A63,A73,3,A103,3,A122,0,A143,A152,3,A174,1,A192,A202,A92,1
A13,63,A31,A44,12997,A63,A73,3,A103,3,A122,1,A143,A152,3,A174,1,A192,A202,A92,0
A12,55,A32,A44,12996,A62,A72,3,A102,3,A123,0,A142,A152,3,A172,1,A192,A202,A92,1
A12,55,A32,A44,12996,A62,A72,3,A102,3,A123,1,A142,A152,3,A172,1,A192,A202,A92,0
A13,63,A31,A44,12998,A63,A73,3,A103,3,A123,0,A143,A152,3,A172,1,A192,A202,A92,1
A13,63,A31,A44,12998,A63,A73,3,A103,3,A123,1,A143,A152,3,A172,1,A192,A202,A92,0
A12,55,A31,A44,12992,A62,A72,3,A102,3,A123,0,A142,A152,3,A172,1,A192,A202,A92,1
A12,55,A31,A44,12992,A62,A72,3,A102,3,A123,1,A142,A152,3,A172,1,A192,A202,A92,0
A13,71,A31,A43,12993,A63,A73,3,A103,3,A123,0,A143,A152,3,A172,1,A192,A202,A92,1
A13,71,A31,A43,12993,A63,A73,3,A103,3,A123,1,A143,A152,3,A172,1,A192,A202,A92,0
A13,35,A32,A44,12998,A63,A73,3,A103,3,A122,0,A143,A152,3,A172,1,A192,A202,A92,1
A13,35,A32,A44,12998,A63,A73,3,A103,3,A122,1,A143,A152,3,A172,1,A192,A202,A92,0
A12,55,A32,A44,12992,A62,A72,3,A102,3,A122,0,A142,A152,3,A172,1,A192,A202,A92,1
A12,55,A32,A44,12992,A62,A72,3,A102,3,A122,1,A142,A152,3,A172,1,A192,A202,A92,0
A13,71,A32,A43,12993,A63,A73,3,A103,3,A122,0,A143,A152,3,A172,1,A192,A202,A92,1
A13,71,A32,A43,12993,A63,A73,3,A103,3,A122,1,A143,A152,3,A172,1,A192,A202,A92,0
A13,72,A31,A44,12993,A63,A73,3,A103,3,A122,0,A143,A152,3,A172,1,A192,A202,A92,1
A13,72,A31,A44,12993,A63,A73,3,A103,3,A122,1,A143,A152,3,A172,1,A192,A202,A92,0
A13,35,A31,A44,12993,A63,A73,3,A103,3,A122,0,A143,A152,3,A172,1,A192,A202,A92,1
A13,35,A31,A44,12993,A63,A73,3,A103,3,A122,1,A143,A152,3,A172,1,A192,A202,A92,0
A13,63,A32,A42,12997,A63,A73,3,A103,3,A123,0,A143,A153,3,A174,1,A192,A202,A92,1
A13,63,A32,A42,12997,A63,A73,3,A103,3,A123,1,A143,A153,3,A174,1,A192,A202,A92,0
A13,71,A32,A42,12998,A63,A73,3,A103,3,A122,0,A143,A153,3,A174,1,A192,A202,A92,1
A13,71,A32,A42,12998,A63,A73,3,A103,3,A122,1,A143,A153,3,A174,1,A192,A202,A92,0
A13,72,A32,A42,12993,A63,A73,3,A103,3,A123,0,A143,A153,3,A172,1,A192,A202,A92,1
A13,72,A32,A42,12993,A63,A73,3,A103,3,A123,1,A143,A153,3,A172,1,A192,A202,A92,0
A13,72,A32,A42,12993,A63,A73,3,A103,3,A123,0,A143,A152,3,A174,1,A192,A202,A92,1
A13,72,A32,A42,12993,A63,A73,3,A103,3,A123,1,A143,A152,3,A174,1,A192,A202,A92,0
A13,71,A32,A41,12993,A63,A73,3,A103,3,A123,0,A143,A153,3,A174,1,A192,A202,A92,1
A13,71,A32,A41,12993,A63,A73,3,A103,3,A123,1,A143,A153,3,A174,1,A192,A202,A92,0
A11,7,A32,A43,12980,A61,A71,1,A101,1,A123,0,A141,A153,1,A173,1,A191,A201,A91,1
A11,7,A32,A43,12980,A61,A71,1,A101,1,A123,1,A141,A153,1,A173,1,A191,A201,A91,0
A11,7,A30,A44,12980,A61,A71,1,A101,1,A123,0,A141,A153,1,A173,1,A191,A201,A91,1
A11,7,A30,A44,12980,A61,A71,1,A101,1,A123,1,A141,A153,1,A173,1,A191,A201,A91,0
A12,20,A31,A43,12987,A62,A72,2,A102,2,A123,0,A142,A153,2,A174,1,A192,A202,A92,1
A12,20,A31,A43,12987,A62,A72,2,A102,2,A123,1,A142,A153,2,A174,1,A192,A202,A92,0
A12,23,A30,A43,12981,A62,A72,1,A102,1,A123,0,A142,A153,1,A173,1,A191,A201,A91,1
A12,23,A30,A43,12981,A62,A72,1,A102,1,A123,1,A142,A153,1,A173,1,A191,A201,A91,0
A11,7,A32,A44,12980,A61,A71,1,A101,1,A121,0,A141,A153,1,A173,1,A191,A201,A91,1
A11,7,A32,A44,12980,A61,A71,1,A101,1,A121,1,A141,A153,1,A173,1,A191,A201,A91,0
A12,20,A32,A43,12987,A62,A72,2,A102,2,A122,0,A142,A153,2,A174,1,A192,A202,A92,1
A12,20,A32,A43,12987,A62,A72,2,A102,2,A122,1,A142,A153,2,A174,1,A192,A202,A92,0
A12,31,A30,A44,12986,A62,A72,2,A102,2,A121,0,A142,A153,2,A173,1,A191,A201,A91,1
A12,31,A30,A44,12986,A62,A72,2,A102,2,A121,1,A142,A153,2,A173,1,A191,A201,A91,0
A11,48,A30,A44,12980,A61,A71,1,A101,1,A121,0,A141,A153,1,A173,1,A191,A201,A91,1
A11,48,A30,A44,12980,A61,A71,1,A101,1,A121,1,A141,A153,1,A173,1,A191,A201,A91,0
A12,47,A31,A43,12987,A62,A72,2,A102,2,A122,0,A142,A153,2,A174,1,A192,A202,A92,1
A12,47,A31,A43,12987,A62,A72,2,A102,2,A122,1,A142,A153,2,A174,1,A192,A202,A92,0
A12,40,A31,A43,12982,A62,A72,2,A102,2,A122,0,A142,A153,2,A174,1,A192,A202,A92,1
A12,40,A31,A43,12982,A62,A72,2,A102,2,A122,1,A142,A153,2,A174,1,A192,A202,A92,0
A12,11,A32,A43,12981,A62,A72,1,A102,1,A123,0,A142,A153,1,A171,1,A191,A201,A91,1
A12,11,A32,A43,12981,A62,A72,1,A102,1,A123,1,A142,A153,1,A171,1,A191,A201,A91,0
A12,52,A30,A44,12986,A62,A72,1,A102,1,A123,0,A142,A153,1,A171,1,A191,A201,A91,1
A12,52,A30,A44,12986,A62,A72,1,A102,1,A123,1,A142,A153,1,A171,1,A191,A201,A91,0
A12,47,A31,A43,12987,A62,A72,2,A102,2,A123,0,A142,A153,2,A172,1,A192,A202,A92,1
A12,47,A31,A43,12987,A62,A72,2,A102,2,A123,1,A142,A153,2,A172,1,A192,A202,A92,0
A12,56,A30,A43,12981,A62,A72,2,A102,2,A123,0,A142,A153,2,A171,1,A191,A201,A91,1
A12,56,A30,A43,12981,A62,A72,2,A102,2,A123,1,A142,A153,2,A171,1,A191,A201,A91,0
A12,23,A32,A44,12982,A62,A72,1,A102,1,A121,0,A142,A153,1,A171,1,A191,A201,A91,1
A12,23,A32,A44,12982,A62,A72,1,A102,1,A121,1,A142,A153,1,A171,1,A191,A201,A91,0
A12,47,A32,A43,12987,A62,A72,2,A102,2,A122,0,A142,A153,2,A172,1,A192,A202,A92,1
A12,47,A32,A43,12987,A62,A72,2,A102,2,A122,1,A142,A153,2,A172,1,A192,A202,A92,0
A12,56,A32,A43,12981,A62,A72,2,A102,2,A121,0,A142,A153,2,A171,1,A191,A201,A91,1
A12,56,A32,A43,12981,A62,A72,2,A102,2,A121,1,A142,A153,2,A171,1,A191,A201,A91,0
A12,40,A31,A44,12984,A62,A72,2,A102,2,A122,0,A142,A153,2,A172,1,A192,A202,A92,1
A12,40,A31,A44,12984,A62,A72,2,A102,2,A122,1,A142,A153,2,A172,1,A192,A202,A92,0
A12,64,A31,A43,12982,A62,A72,2,A102,2,A122,0,A142,A153,2,A172,1,A192,A202,A92,1
A12,64,A31,A43,12982,A62,A72,2,A102,2,A122,1,A142,A153,2,A172,1,A192,A202,A92,0
A12,11,A32,A44,12986,A62,A72,1,A102,1,A123,0,A142,A151,1,A173,1,A191,A201,A91,1
A12,11,A32,A44,12986,A62,A72,1,A102,1,A123,1,A142,A151,1,A173,1,A191,A201,A91,0
A12,31,A32,A43,12983,A62,A72,2,A102,2,A123,0,A142,A151,2,A173,1,A191,A201,A91,1
A12,31,A32,A43,12983,A62,A72,2,A102,2,A123,1,A142,A151,2,A173,1,A191,A201,A91,0
A12,20,A31,A44,12987,A62,A72,2,A102,2,A123,0,A142,A152,2,A174,1,A192,A202,A92,1
A12,20,A31,A44,12987,A62,A72,2,A102,2,A123,1,A142,A152,2,A174,1,A192,A202,A92,0
A12,47,A31,A43,12985,A62,A72,2,A102,2,A123,0,A142,A152,2,A174,1,A192,A202,A92,1
A12,47,A31,A43,12985,A62,A72,2,A102,2,A123,1,A142,A152,2,A174,1,A192,A202,A92,0
A12,20,A32,A44,12987,A62,A72,2,A102,2,A122,0,A142,A152,2,A174,1,A192,A202,A92,1
A12,20,A32,A44,12987,A62,A72,2,A102,2,A122,1,A142,A152,2,A174,1,A192,A202,A92,0
A12,47,A32,A43,12985,A62,A72,2,A102,2,A122,0,A142,A152,2,A174,1,A192,A202,A92,1
A12,47,A32,A43,12985,A62,A72,2,A102,2,A122,1,A142,A152,2,A174,1,A192,A202,A92,0
A12,23,A32,A44,12981,A62,A72,1,A102,1,A123,0,A142,A151,1,A171,1,A191,A201,A91,1
A12,23,A32,A44,12981,A62,A72,1,A102,1,A123,1,A142,A151,1,A171,1,A191,A201,A91,0
A12,47,A32,A43,12985,A62,A72,2,A102,2,A123,0,A142,A152,2,A172,1,A192,A202,A92,1
A12,47,A32,A43,12985,A62,A72,2,A102,2,A123,1,A142,A152,2,A172,1,A192,A202,A92,0
A12,68,A31,A44,12987,A62,A72,3,A102,3,A122,0,A142,A152,3,A172,1,A192,A202,A92,1
A12,68,A31,A44,12987,A62,A72,3,A102,3,A122,1,A142,A152,3,A172,1,A192,A202,A92,0
A13,31,A31,A44,12988,A63,A73,3,A103,3,A122,0,A143,A152,3,A172,1,A192,A202,A92,1
A13,31,A31,A44,12988,A63,A73,3,A103,3,A122,1,A143,A152,3,A172,1,A192,A202,A92,0
A13,71,A31,A43,12988,A63,A73,3,A103,3,A122,0,A143,A152,3,A172,1,A192,A202,A92,1
A13,71,A31,A43,12988,A63,A73,3,A103,3,A122,1,A143,A152,3,A172,1,A192,A202,A92,0
A13,63,A31,A43,12983,A63,A73,3,A103,3,A122,0,A143,A152,3,A172,1,A192,A202,A92,1
A13,63,A31,A43,12983,A63,A73,3,A103,3,A122,1,A143,A152,3,A172,1,A192,A202,A92,0
A11,15,A30,A43,12971,A61,A71,1,A101,1,A121,0,A141,A153,1,A173,1,A191,A201,A91,1
A11,15,A30,A43,12971,A61,A71,1,A101,1,A121,1,A141,A153,1,A173,1,A191,A201,A91,0
A11,41,A32,A43,12975,A61,A71,1,A101,1,A123,0,A141,A153,1,A171,1,A191,A201,A91,1
A11,41,A32,A43,12975,A61,A71,1,A101,1,A123,1,A141,A153,1,A171,1,A191,A201,A91,0
A11,15,A30,A43,12971,A61,A71,1,A101,1,A123,0,A141,A153,1,A171,1,A191,A201,A91,1
A11,15,A30,A43,12971,A61,A71,1,A101,1,A123,1,A141,A153,1,A171,1,A191,A201,A91,0
A11,15,A32,A43,12971,A61,A71,1,A101,1,A121,0,A141,A153,1,A171,1,A191,A201,A91,1
A11,15,A32,A43,12971,A61,A71,1,A101,1,A121,1,A141,A153,1,A171,1,A191,A201,A91,0
A11,7,A32,A43,12970,A61,A71,1,A101,1,A123,0,A141,A151,1,A173,1,A191,A201,A91,1
A11,7,A32,A43,12970,A61,A71,1,A101,1,A123,1,A141,A151,1,A173,1,A191,A201,A91,0
A11,41,A30,A44,12970,A61,A71,1,A101,1,A123,0,A141,A151,1,A173,1,A191,A201,A91,1
A11,41,A30,A44,12970,A61,A71,1,A101,1,A123,1,A141,A151,1,A173,1,A191,A201,A91,0
A12,23,A30,A43,12971,A62,A72,1,A102,1,A123,0,A142,A151,1,A173,1,A191,A201,A91,1
A12,23,A30,A43,12971,A62,A72,1,A102,1,A123,1,A142,A151,1,A173,1,A191,A201,A91,0
A12,31,A31,A43,12973,A62,A72,2,A102,2,A121,0,A142,A151,2,A173,1,A191,A201,A91,1
A12,31,A31,A43,12973,A62,A72,2,A102,2,A121,1,A142,A151,2,A173,1,A191,A201,A91,0
A11,7,A32,A44,12975,A61,A71,1,A101,1,A123,0,A141,A151,1,A171,1,A191,A201,A91,1
A11,7,A32,A44,12975,A61,A71,1,A101,1,A123,1,A141,A151,1,A171,1,A191,A201,A91,0
A12,31,A32,A43,12976,A62,A72,2,A102,2,A123,0,A142,A151,2,A171,1,A191,A201,A91,1
A12,31,A32,A43,12976,A62,A72,2,A102,2,A123,1,A142,A151,2,A171,1,A191,A201,A91,0
A12,11,A32,A43,12971,A62,A72,1,A102,1,A123,0,A142,A151,1,A171,1,A191,A201,A91,1
A12,11,A32,A43,12971,A62,A72,1,A102,1,A123,1,A142,A151,1,A171,1,A191,A201,A91,0
A12,52,A30,A44,12976,A62,A72,1,A102,1,A123,0,A142,A151,1,A171,1,A191,A201,A91,1
A12,52,A30,A44,12976,A62,A72,1,A102,1,A123,1,A142,A151,1,A171,1,A191,A201,A91,0
A12,15,A30,A44,12976,A62,A72,2,A102,2,A123,0,A142,A151,2,A171,1,A191,A201,A91,1
A12,15,A30,A44,12976,A62,A72,2,A102,2,A123,1,A142,A151,2,A171,1,A191,A201,A91,0
A12,56,A30,A43,12971,A62,A72,2,A102,2,A123,0,A142,A151,2,A171,1,A191,A201,A91,1
A12,56,A30,A43,12971,A62,A72,2,A102,2,A123,1,A142,A151,2,A171,1,A191,A201,A91,0
A12,20,A31,A43,12972,A62,A72,2,A102,2,A123,0,A142,A152,2,A172,1,A192,A202,A92,1
A12,20,A31,A43,12972,A62,A72,2,A102,2,A123,1,A142,A152,2,A172,1,A192,A202,A92,0
A12,23,A32,A44,12972,A62,A72,1,A102,1,A121,0,A142,A151,1,A171,1,A191,A201,A91,1
A12,23,A32,A44,12972,A62,A72,1,A102,1,A121,1,A142,A151,1,A171,1,A191,A201,A91,0
A12,56,A32,A43,12971,A62,A72,2,A102,2,A121,0,A142,A151,2,A171,1,A191,A201,A91,1
A12,56,A32,A43,12971,A62,A72,2,A102,2,A121,1,A142,A151,2,A171,1,A191,A201,A91,0
A12,20,A32,A43,12972,A62,A72,2,A102,2,A122,0,A142,A152,2,A172,1,A192,A202,A92,1
A12,20,A32,A43,12972,A62,A72,2,A102,2,A122,1,A142,A152,2,A172,1,A192,A202,A92,0
A12,55,A31,A43,12977,A62,A72,3,A102,3,A122,0,A142,A152,3,A172,1,A192,A202,A92,1
A12,55,A31,A43,12977,A62,A72,3,A102,3,A122,1,A142,A152,3,A172,1,A192,A202,A92,0
A12,47,A31,A43,12972,A62,A72,2,A102,2,A122,0,A142,A152,2,A172,1,A192,A202,A92,1
A12,47,A31,A43,12972,A62,A72,2,A102,2,A122,1,A142,A152,2,A172,1,A192,A202,A92,0
A12,31,A32,A42,12983,A62,A72,2,A102,2,A123,0,A142,A153,2,A173,1,A191,A201,A91,1
A12,31,A32,A42,12983,A62,A72,2,A102,2,A123,1,A142,A153,2,A173,1,A191,A201,A91,0
A12,23,A31,A42,12982,A62,A72,2,A102,2,A123,0,A142,A153,2,A174,1,A192,A202,A92,1
A12,23,A31,A42,12982,A62,A72,2,A102,2,A123,1,A142,A153,2,A174,1,A192,A202,A92,0
A12,55,A31,A42,12986,A62,A72,3,A102,3,A122,0,A142,A153,3,A174,1,A192,A202,A92,1
A12,55,A31,A42,12986,A62,A72,3,A102,3,A122,1,A142,A153,3,A174,1,A192,A202,A92,0
A12,23,A32,A42,12982,A62,A72,2,A102,2,A123,0,A142,A153,2,A172,1,A192,A202,A92,1
A12,23,A32,A42,12982,A62,A72,2,A102,2,A123,1,A142,A153,2,A172,1,A192,A202,A92,0
A13,63,A31,A42,12987,A63,A73,3,A103,3,A123,0,A143,A153,3,A172,1,A192,A202,A92,1
A13,63,A31,A42,12987,A63,A73,3,A103,3,A123,1,A143,A153,3,A172,1,A192,A202,A92,0
A13,63,A32,A42,12987,A63,A73,3,A103,3,A122,0,A143,A153,3,A172,1,A192,A202,A92,1
A13,63,A32,A42,12987,A63,A73,3,A103,3,A122,1,A143,A153,3,A172,1,A192,A202,A92,0
A13,63,A32,A42,12987,A63,A73,3,A103,3,A123,0,A143,A152,3,A173,1,A192,A202,A92,1
A13,63,A32,A42,12987,A63,A73,3,A103,3,A123,1,A143,A152,3,A173,1,A192,A202,A92,0
A12,55,A32,A41,12986,A62,A72,3,A102,3,A123,0,A142,A153,3,A174,1,A192,A202,A92,1
A12,55,A32,A41,12986,A62,A72,3,A102,3,A123,1,A142,A153,3,A174,1,A192,A202,A92,0
A13,71,A31,A41,12988,A63,A73,3,A103,3,A123,0,A143,A153,3,A174,1,A192,A202,A92,1
A13,71,A31,A41,12988,A63,A73,3,A103,3,A123,1,A143,A153,3,A174,1,A192,A202,A92,0
A13,71,A32,A41,12988,A63,A73,3,A103,3,A122,0,A143,A153,3,A174,1,A192,A202,A92,1
A13,71,A32,A41,12988,A63,A73,3,A103,3,A122,1,A143,A153,3,A174,1,A192,A202,A92,0
A13,71,A31,A41,12983,A63,A73,3,A103,3,A122,0,A143,A153,3,A174,1,A192,A202,A92,1
A13,71,A31,A41,12983,A63,A73,3,A103,3,A122,1,A143,A153,3,A174,1,A192,A202,A92,0
A13,63,A32,A41,12983,A63,A73,3,A103,3,A123,0,A143,A153,3,A172,1,A192,A202,A92,1
A13,63,A32,A41,12983,A63,A73,3,A103,3,A123,1,A143,A153,3,A172,1,A192,A202,A92,0
A13,63,A32,A41,12983,A63,A73,3,A103,3,A123,0,A143,A152,3,A174,1,A192,A202,A92,1
A13,63,A32,A41,12983,A63,A73,3,A103,3,A123,1,A143,A152,3,A174,1,A192,A202,A92,0
A12,40,A31,A42,12974,A62,A72,2,A102,2,A122,0,A142,A153,2,A173,1,A192,A202,A92,1
A12,40,A31,A42,12974,A62,A72,2,A102,2,A122,1,A142,A153,2,A173,1,A192,A202,A92,0
A12,47,A31,A42,12975,A62,A72,2,A102,2,A122,0,A142,A152,2,A174,1,A192,A202,A92,1
A12,47,A31,A42,12975,A62,A72,2,A102,2,A122,1,A142,A152,2,A174,1,A192,A202,A92,0
A12,27,A32,A42,12977,A62,A72,3,A102,3,A123,0,A142,A152,3,A172,1,A192,A202,A92,1
A12,27,A32,A42,12977,A62,A72,3,A102,3,A123,1,A142,A152,3,A172,1,A192,A202,A92,0
A12,40,A32,A42,12972,A62,A72,2,A102,2,A123,0,A142,A152,2,A172,1,A192,A202,A92,1
A12,40,A32,A42,12972,A62,A72,2,A102,2,A123,1,A142,A152,2,A172,1,A192,A202,A92,0
A12,55,A31,A41,12976,A62,A72,3,A102,3,A122,0,A142,A153,3,A173,1,A192,A202,A92,1
A12,55,A31,A41,12976,A62,A72,3,A102,3,A122,1,A142,A153,3,A173,1,A192,A202,A92,0
A13,63,A32,A41,12977,A63,A73,3,A103,3,A123,0,A143,A152,3,A174,1,A192,A202,A92,1
A13,63,A32,A41,12977,A63,A73,3,A103,3,A123,1,A143,A152,3,A174,1,A192,A202,A92,0
A13,71,A32,A41,12978,A63,A73,3,A103,3,A123,0,A143,A152,3,A172,1,A192,A202,A92,1
A13,71,A32,A41,12978,A63,A73,3,A103,3,A123,1,A143,A152,3,A172,1,A192,A202,A92,0
A11,3,A30,A43,12961,A61,A71,1,A101,1,A121,0,A141,A153,1,A173,1,A191,A201,A91,1
A11,3,A30,A43,12961,A61,A71,1,A101,1,A121,1,A141,A153,1,A173,1,A191,A201,A91,0
A11,0,A30,A43,12961,A61,A71,1,A101,1,A123,0,A141,A153,1,A171,1,A191,A201,A91,1
A11,0,A30,A43,12961,A61,A71,1,A101,1,A123,1,A141,A153,1,A171,1,A191,A201,A91,0
A11,0,A32,A43,12961,A61,A71,1,A101,1,A121,0,A141,A153,1,A171,1,A191,A201,A91,1
A11,0,A32,A43,12961,A61,A71,1,A101,1,A121,1,A141,A153,1,A171,1,A191,A201,A91,0
A11,0,A30,A44,12961,A61,A71,1,A101,1,A121,0,A141,A153,1,A171,1,A191,A201,A91,1
A11,0,A30,A44,12961,A61,A71,1,A101,1,A121,1,A141,A153,1,A171,1,A191,A201,A91,0
A12,11,A30,A43,12963,A62,A72,1,A102,1,A121,0,A142,A153,1,A171,1,A191,A201,A91,1
A12,11,A30,A43,12963,A62,A72,1,A102,1,A121,1,A142,A153,1,A171,1,A191,A201,A91,0
A11,7,A30,A43,12961,A61,A71,1,A101,1,A123,0,A141,A151,1,A173,1,A191,A201,A91,1
A11,7,A30,A43,12961,A61,A71,1,A101,1,A123,1,A141,A151,1,A173,1,A191,A201,A91,0
A11,7,A32,A43,12961,A61,A71,1,A101,1,A121,0,A141,A151,1,A173,1,A191,A201,A91,1
A11,7,A32,A43,12961,A61,A71,1,A101,1,A121,1,A141,A151,1,A173,1,A191,A201,A91,0
A11,0,A30,A44,12961,A61,A71,3,A101,1,A121,0,A141,A151,1,A173,1,A191,A201,A91,1
A11,0,A30,A44,12961,A61,A71,3,A101,1,A121,1,A141,A151,1,A173,1,A191,A201,A91,0
A12,15,A30,A43,12964,A62,A72,1,A102,2,A121,0,A142,A151,2,A173,1,A191,A201,A91,1
A12,15,A30,A43,12964,A62,A72,1,A102,2,A121,1,A142,A151,2,A173,1,A191,A201,A91,0
A11,3,A32,A43,12961,A61,A71,1,A101,1,A123,0,A141,A151,1,A171,1,A191,A201,A91,1
A11,3,A32,A43,12961,A61,A71,1,A101,1,A123,1,A141,A151,1,A171,1,A191,A201,A91,0
A11,48,A30,A43,12962,A61,A71,1,A101,1,A123,0,A141,A151,1,A171,1,A191,A201,A91,1
A11,48,A30,A43,12962,A61,A71,1,A101,1,A123,1,A141,A151,1,A171,1,A191,A201,A91,0
A11,7,A30,A43,12962,A61,A71,3,A101,1,A123,0,A141,A151,1,A171,1,A191,A201,A91,1
A11,7,A30,A43,12962,A61,A71,3,A101,1,A123,1,A141,A151,1,A171,1,A191,A201,A91,0
A11,3,A32,A44,12961,A61,A71,1,A101,1,A121,0,A141,A151,1,A171,1,A191,A201,A91,1
A11,3,A32,A44,12961,A61,A71,1,A101,1,A121,1,A141,A151,1,A171,1,A191,A201,A91,0
A11,48,A32,A43,12962,A61,A71,1,A101,1,A121,0,A141,A151,1,A171,1,A191,A201,A91,1
A11,48,A32,A43,12962,A61,A71,1,A101,1,A121,1,A141,A151,1,A171,1,A191,A201,A91,0
A11,7,A32,A43,12962,A61,A71,3,A101,1,A121,0,A141,A151,1,A171,1,A191,A201,A91,1
A11,7,A32,A43,12962,A61,A71,3,A101,1,A121,1,A141,A151,1,A171,1,A191,A201,A91,0
A11,48,A30,A44,12962,A61,A71,1,A101,1,A121,0,A141,A151,1,A171,1,A191,A201,A91,1
A11,48,A30,A44,12962,A61,A71,1,A101,1,A121,1,A141,A151,1,A171,1,A191,A201,A91,0
A12,11,A30,A44,12963,A62,A72,1,A102,1,A121,0,A142,A151,1,A171,1,A191,A201,A91,1
A12,11,A30,A44,12963,A62,A72,1,A102,1,A121,1,A142,A151,1,A171,1,A191,A201,A91,0
A12,56,A30,A43,12964,A62,A72,2,A102,2,A121,0,A142,A151,2,A171,1,A191,A201,A91,1
A12,56,A30,A43,12964,A62,A72,2,A102,2,A121,1,A142,A151,2,A171,1,A191,A201,A91,0
A12,20,A31,A43,12965,A62,A72,2,A102,2,A122,0,A142,A152,2,A172,1,A192,A202,A92,1
A12,20,A31,A43,12965,A62,A72,2,A102,2,A122,1,A142,A152,2,A172,1,A192,A202,A92,0
A11,7,A30,A43,12956,A61,A71,1,A101,1,A121,0,A141,A153,1,A171,1,A191,A201,A91,1
A11,7,A30,A43,12956,A61,A71,1,A101,1,A121,1,A141,A153,1,A171,1,A191,A201,A91,0
A11,0,A30,A43,12956,A61,A71,1,A101,1,A123,0,A141,A151,1,A173,1,A191,A201,A91,1
A11,0,A30,A43,12956,A61,A71,1,A101,1,A123,1,A141,A151,1,A173,1,A191,A201,A91,0
A11,0,A32,A43,12956,A61,A71,1,A101,1,A121,0,A141,A151,1,A173,1,A191,A201,A91,1
A11,0,A32,A43,12956,A61,A71,1,A101,1,A121,1,A141,A151,1,A173,1,A191,A201,A91,0
A11,7,A30,A43,12951,A61,A71,1,A101,1,A121,0,A141,A151,1,A173,1,A191,A201,A91,1
A11,7,A30,A43,12951,A61,A71,1,A101,1,A121,1,A141,A151,1,A173,1,A191,A201,A91,0
A11,15,A30,A43,12952,A61,A71,1,A101,1,A121,0,A141,A151,1,A171,1,A191,A201,A91,1
A11,15,A30,A43,12952,A61,A71,1,A101,1,A121,1,A141,A151,1,A171,1,A191,A201,A91,0
A11,3,A30,A42,12961,A61,A71,1,A101,1,A123,0,A141,A153,1,A173,1,A191,A201,A91,1
A11,3,A30,A42,12961,A61,A71,1,A101,1,A123,1,A141,A153,1,A173,1,A191,A201,A91,0
A11,3,A32,A42,12961,A61,A71,1,A101,1,A121,0,A141,A153,1,A173,1,A191,A201,A91,1
A11,3,A32,A42,12961,A61,A71,1,A101,1,A121,1,A141,A153,1,A173,1,A191,A201,A91,0
A12,23,A30,A42,12963,A62,A72,1,A102,1,A121,0,A142,A153,1,A173,1,A191,A201,A91,1
A12,23,A30,A42,12963,A62,A72,1,A102,1,A121,1,A142,A153,1,A173,1,A191,A201,A91,0
A12,31,A31,A42,12964,A62,A72,2,A102,2,A121,0,A142,A153,2,A171,1,A191,A201,A91,1
A12,31,A31,A42,12964,A62,A72,2,A102,2,A121,1,A142,A153,2,A171,1,A191,A201,A91,0
A12,23,A31,A42,12963,A62,A72,1,A102,1,A123,0,A142,A151,1,A173,1,A191,A201,A91,1
A12,23,A31,A42,12963,A62,A72,1,A102,1,A123,1,A142,A151,1,A173,1,A191,A201,A91,0
A12,52,A32,A42,12963,A62,A72,1,A102,1,A121,0,A142,A151,1,A173,1,A191,A201,A91,1
A12,52,A32,A42,12963,A62,A72,1,A102,1,A121,1,A142,A151,1,A173,1,A191,A201,A91,0
A12,20,A31,A42,12965,A62,A72,3,A102,2,A122,0,A142,A152,2,A174,1,A192,A202,A92,1
A12,20,A31,A42,12965,A62,A72,3,A102,2,A122,1,A142,A152,2,A174,1,A192,A202,A92,0
A12,23,A32,A42,12963,A62,A72,1,A102,1,A123,0,A142,A151,1,A171,1,A191,A201,A91,1
A12,23,A32,A42,12963,A62,A72,1,A102,1,A123,1,A142,A151,1,A171,1,A191,A201,A91,0
A12,40,A31,A42,12965,A62,A72,2,A102,2,A123,0,A142,A152,2,A172,1,A192,A202,A92,1
A12,40,A31,A42,12965,A62,A72,2,A102,2,A123,1,A142,A152,2,A172,1,A192,A202,A92,0
A12,47,A31,A42,12965,A62,A72,2,A102,2,A122,0,A142,A152,2,A172,1,A192,A202,A92,1
A12,47,A31,A42,12965,A62,A72,2,A102,2,A122,1,A142,A152,2,A172,1,A192,A202,A92,0
A11,7,A30,A42,12956,A61,A71,1,A101,1,A123,0,A141,A153,1,A171,1,A191,A201,A91,1
A11,7,A30,A42,12956,A61,A71,1,A101,1,A123,1,A141,A153,1,A171,1,A191,A201,A91,0
A11,7,A32,A42,12956,A61,A71,1,A101,1,A121,0,A141,A153,1,A171,1,A191,A201,A91,1
A11,7,A32,A42,12956,A61,A71,1,A101,1,A121,1,A141,A153,1,A171,1,A191,A201,A91,0
A12,23,A30,A42,12957,A62,A72,1,A102,1,A121,0,A142,A153,1,A171,1,A191,A201,A91,1
A12,23,A30,A42,12957,A62,A72,1,A102,1,A121,1,A142,A153,1,A171,1,A191,A201,A91,0
A11,44,A30,A42,12951,A61,A71,1,A101,1,A121,0,A141,A153,1,A171,1,A191,A201,A91,1
A11,44,A30,A42,12951,A61,A71,1,A101,1,A121,1,A141,A153,1,A171,1,A191,A201,A91,0
A11,7,A30,A42,12951,A61,A71,1,A101,1,A121,0,A141,A153,1,A171,1,A191,A201,A91,1
A11,7,A30,A42,12951,A61,A71,1,A101,1,A121,1,A141,A153,1,A171,1,A191,A201,A91,0
A11,0,A32,A42,12956,A61,A71,1,A101,1,A123,0,A141,A151,1,A173,1,A191,A201,A91,1
A11,0,A32,A42,12956,A61,A71,1,A101,1,A123,1,A141,A151,1,A173,1,A191,A201,A91,0
A11,7,A30,A42,12951,A61,A71,1,A101,1,A123,0,A141,A151,1,A173,1,A191,A201,A91,1
A11,7,A30,A42,12951,A61,A71,1,A101,1,A123,1,A141,A151,1,A173,1,A191,A201,A91,0
A11,7,A32,A42,12951,A61,A71,1,A101,1,A121,0,A141,A151,1,A173,1,A191,A201,A91,1
A11,7,A32,A42,12951,A61,A71,1,A101,1,A121,1,A141,A151,1,A173,1,A191,A201,A91,0
A12,23,A30,A42,12953,A62,A72,1,A102,1,A121,0,A142,A151,1,A173,1,A191,A201,A91,1
A12,23,A30,A42,12953,A62,A72,1,A102,1,A121,1,A142,A151,1,A173,1,A191,A201,A91,0
A12,31,A31,A42,12954,A62,A72,2,A102,2,A121,0,A142,A151,2,A171,1,A191,A201,A91,1
A12,31,A31,A42,12954,A62,A72,2,A102,2,A121,1,A142,A151,2,A171,1,A191,A201,A91,0
A12,15,A32,A40,12964,A62,A72,2,A102,2,A123,0,A142,A153,2,A173,1,A191,A201,A91,1
A12,15,A32,A40,12964,A62,A72,2,A102,2,A123,1,A142,A153,2,A173,1,A191,A201,A91,0
A12,60,A31,A40,12965,A62,A72,2,A102,2,A123,0,A142,A153,2,A174,1,A192,A202,A92,1
A12,60,A31,A40,12965,A62,A72,2,A102,2,A123,1,A142,A153,2,A174,1,A192,A202,A92,0
A12,60,A32,A40,12965,A62,A72,2,A102,2,A122,0,A142,A153,2,A174,1,A192,A202,A92,1
A12,60,A32,A40,12965,A62,A72,2,A102,2,A122,1,A142,A153,2,A174,1,A192,A202,A92,0
A12,47,A31,A41,12965,A62,A72,2,A102,2,A122,0,A142,A153,2,A174,1,A192,A202,A92,1
A12,47,A31,A41,12965,A62,A72,2,A102,2,A122,1,A142,A153,2,A174,1,A192,A202,A92,0
A12,60,A32,A40,12965,A62,A72,2,A102,2,A123,0,A142,A153,2,A172,1,A192,A202,A92,1
A12,60,A32,A40,12965,A62,A72,2,A102,2,A123,1,A142,A153,2,A172,1,A192,A202,A92,0
A12,47,A31,A41,12965,A62,A72,2,A102,2,A123,0,A142,A153,2,A172,1,A192,A202,A92,1
A12,47,A31,A41,12965,A62,A72,2,A102,2,A123,1,A142,A153,2,A172,1,A192,A202,A92,0
A12,47,A32,A41,12965,A62,A72,2,A102,2,A122,0,A142,A153,2,A172,1,A192,A202,A92,1
A12,47,A32,A41,12965,A62,A72,2,A102,2,A122,1,A142,A153,2,A172,1,A192,A202,A92,0
A13,71,A31,A40,12968,A63,A73,3,A103,3,A122,0,A143,A153,3,A172,1,A192,A202,A92,1
A13,71,A31,A40,12968,A63,A73,3,A103,3,A122,1,A143,A153,3,A172,1,A192,A202,A92,0
A12,40,A32,A41,12965,A62,A72,2,A102,2,A123,0,A142,A152,2,A174,1,A192,A202,A92,1
A12,40,A32,A41,12965,A62,A72,2,A102,2,A123,1,A142,A152,2,A174,1,A192,A202,A92,0
A12,60,A31,A41,12965,A62,A72,2,A102,2,A123,0,A142,A152,2,A174,1,A192,A202,A92,1
A12,60,A31,A41,12965,A62,A72,2,A102,2,A123,1,A142,A152,2,A174,1,A192,A202,A92,0
A12,55,A31,A41,12966,A62,A72,3,A102,3,A122,0,A142,A152,3,A174,1,A192,A202,A92,1
A12,55,A31,A41,12966,A62,A72,3,A102,3,A122,1,A142,A152,3,A174,1,A192,A202,A92,0
A12,55,A31,A41,12966,A62,A72,3,A102,3,A123,0,A142,A152,3,A172,1,A192,A202,A92,1
A12,55,A31,A41,12966,A62,A72,3,A102,3,A123,1,A142,A152,3,A172,1,A192,A202,A92,0
A13,63,A32,A41,12967,A63,A73,3,A103,3,A122,0,A143,A152,3,A172,1,A192,A202,A92,1
A13,63,A32,A41,12967,A63,A73,3,A103,3,A122,1,A143,A152,3,A172,1,A192,A202,A92,0
A12,23,A30,A40,12953,A62,A72,1,A102,1,A123,0,A142,A153,1,A173,1,A191,A201,A91,1
A12,23,A30,A40,12953,A62,A72,1,A102,1,A123,1,A142,A153,1,A173,1,A191,A201,A91,0
A12,23,A32,A40,12953,A62,A72,1,A102,1,A121,0,A142,A153,1,A173,1,A191,A201,A91,1
A12,23,A32,A40,12953,A62,A72,1,A102,1,A121,1,A142,A153,1,A173,1,A191,A201,A91,0
A12,40,A31,A40,12955,A62,A72,2,A102,2,A122,0,A142,A153,2,A174,1,A192,A202,A92,1
A12,40,A31,A40,12955,A62,A72,2,A102,2,A122,1,A142,A153,2,A174,1,A192,A202,A92,0
A11,15,A32,A40,12952,A61,A71,1,A101,1,A123,0,A141,A153,1,A171,1,A191,A201,A91,1
A11,15,A32,A40,12952,A61,A71,1,A101,1,A123,1,A141,A153,1,A171,1,A191,A201,A91,0
A11,15,A30,A41,12951,A61,A71,1,A101,1,A123,0,A141,A153,1,A171,1,A191,A201,A91,1
A11,15,A30,A41,12951,A61,A71,1,A101,1,A123,1,A141,A153,1,A171,1,A191,A201,A91,0
A12,40,A31,A40,12955,A62,A72,2,A102,2,A123,0,A142,A153,2,A172,1,A192,A202,A92,1
A12,40,A31,A40,12955,A62,A72,2,A102,2,A123,1,A142,A153,2,A172,1,A192,A202,A92,0
A12,40,A31,A41,12955,A62,A72,2,A102,2,A122,0,A142,A153,2,A172,1,A192,A202,A92,1
A12,40,A31,A41,12955,A62,A72,2,A102,2,A122,1,A142,A153,2,A172,1,A192,A202,A92,0
A12,40,A31,A41,12955,A62,A72,2,A102,2,A122,0,A142,A152,2,A174,1,A192,A202,A92,1
A12,40,A31,A41,12955,A62,A72,2,A102,2,A122,1,A142,A152,2,A174,1,A192,A202,A92,0
A12,47,A31,A41,12956,A62,A72,2,A102,2,A122,0,A142,A152,2,A172,1,A192,A202,A92,1
A12,47,A31,A41,12956,A62,A72,2,A102,2,A122,1,A142,A152,2,A172,1,A192,A202,A92,0
A11,15,A30,A42,12942,A61,A71,1,A101,1,A121,0,A141,A151,1,A171,1,A191,A201,A91,1
A11,15,A30,A42,12942,A61,A71,1,A101,1,A121,1,A141,A151,1,A171,1,A191,A201,A91,0
A11,0,A30,A40,12941,A61,A71,1,A101,1,A123,0,A141,A153,1,A173,1,A191,A201,A91,1
A11,0,A30,A40,12941,A61,A71,1,A101,1,A123,1,A141,A153,1,A173,1,A191,A201,A91,0
A11,15,A30,A40,12942,A61,A71,1,A101,1,A121,0,A141,A153,1,A173,1,A191,A201,A91,1
A11,15,A30,A40,12942,A61,A71,1,A101,1,A121,1,A141,A153,1,A173,1,A191,A201,A91,0
A11,15,A30,A40,12942,A61,A71,1,A101,1,A123,0,A141,A153,1,A171,1,A191,A201,A91,1
A11,15,A30,A40,12942,A61,A71,1,A101,1,A123,1,A141,A153,1,A171,1,A191,A201,A91,0
A11,15,A32,A40,12942,A61,A71,1,A101,1,A121,0,A141,A153,1,A171,1,A191,A201,A91,1
A11,15,A32,A40,12942,A61,A71,1,A101,1,A121,1,A141,A153,1,A171,1,A191,A201,A91,0
A12,31,A31,A40,12944,A62,A72,2,A102,2,A122,0,A142,A151,2,A172,1,A191,A201,A91,1
A12,31,A31,A40,12944,A62,A72,2,A102,2,A122,1,A142,A151,2,A172,1,A191,A201,A91,0
A11,0,A30,A42,12931,A61,A71,1,A101,1,A121,0,A141,A151,1,A171,1,A191,A201,A91,1
A11,0,A30,A42,12931,A61,A71,1,A101,1,A121,1,A141,A151,1,A171,1,A191,A201,A91,0
A11,7,A30,A40,12931,A61,A71,1,A101,1,A121,0,A141,A153,1,A171,1,A191,A201,A91,1
A11,7,A30,A40,12931,A61,A71,1,A101,1,A121,1,A141,A153,1,A171,1,A191,A201,A91,0
A11,15,A30,A40,12932,A61,A71,1,A101,1,A121,0,A141,A151,1,A173,1,A191,A201,A91,1
A11,15,A30,A40,12932,A61,A71,1,A101,1,A121,1,A141,A151,1,A173,1,A191,A201,A91,0
A11,7,A32,A40,12936,A61,A71,1,A101,1,A123,0,A141,A151,1,A171,1,A191,A201,A91,1
A11,7,A32,A40,12936,A61,A71,1,A101,1,A123,1,A141,A151,1,A171,1,A191,A201,A91,0
A11,0,A30,A41,12931,A61,A71,1,A101,1,A123,0,A141,A151,1,A171,1,A191,A201,A91,1
A11,0,A30,A41,12931,A61,A71,1,A101,1,A123,1,A141,A151,1,A171,1,A191,A201,A91,0
A12,23,A30,A40,12937,A62,A72,1,A102,1,A123,0,A142,A151,1,A171,1,A191,A201,A91,1
A12,23,A30,A40,12937,A62,A72,1,A102,1,A123,1,A142,A151,1,A171,1,A191,A201,A91,0
A11,0,A32,A41,12931,A61,A71,1,A101,1,A121,0,A141,A151,1,A171,1,A191,A201,A91,1
A11,0,A32,A41,12931,A61,A71,1,A101,1,A121,1,A141,A151,1,A171,1,A191,A201,A91,0
A12,23,A32,A40,12937,A62,A72,1,A102,1,A121,0,A142,A151,1,A171,1,A191,A201,A91,1
A12,23,A32,A40,12937,A62,A72,1,A102,1,A121,1,A142,A151,1,A171,1,A191,A201,A91,0
A11,15,A32,A40,12931,A61,A71,1,A101,1,A121,0,A141,A151,1,A171,1,A191,A201,A91,1
A11,15,A32,A40,12931,A61,A71,1,A101,1,A121,1,A141,A151,1,A171,1,A191,A201,A91,0
A11,15,A30,A41,12932,A61,A71,1,A101,1,A121,0,A141,A151,1,A171,1,A191,A201,A91,1
A11,15,A30,A41,12932,A61,A71,1,A101,1,A121,1,A141,A151,1,A171,1,A191,A201,A91,0
A12,31,A30,A40,12934,A62,A72,2,A102,2,A121,0,A142,A151,2,A171,1,A191,A201,A91,1
A12,31,A30,A40,12934,A62,A72,2,A102,2,A121,1,A142,A151,2,A171,1,A191,A201,A91,0
A11,0,A30,A40,12922,A61,A71,1,A101,1,A123,0,A141,A151,1,A171,1,A191,A201,A91,1
A11,0,A30,A40,12922,A61,A71,1,A101,1,A123,1,A141,A151,1,A171,1,A191,A201,A91,0
A11,0,A32,A40,12922,A61,A71,1,A101,1,A121,0,A141,A151,1,A171,1,A191,A201,A91,1
A11,0,A32,A40,12922,A61,A71,1,A101,1,A121,1,A141,A151,1,A171,1,A191,A201,A91,0
A11,0,A30,A41,12922,A61,A71,1,A101,1,A121,0,A141,A151,1,A171,1,A191,A201,A91,1
A11,0,A30,A41,12922,A61,A71,1,A101,1,A121,1,A141,A151,1,A171,1,A191,A201,A91,0
A11,15,A30,A40,12923,A61,A71,1,A101,1,A121,0,A141,A151,1,A171,1,A191,A201,A91,1
A11,15,A30,A40,12923,A61,A71,1,A101,1,A121,1,A141,A151,1,A171,1,A191,A201,A91,0
A12,73,A31,A43,1,A62,A72,1,A102,1,A122,0,A142,A152,1,A172,1,A191,A201,A91,1
A12,73,A31,A43,1,A62,A72,1,A102,1,A122,1,A142,A152,1,A172,1,A191,A201,A91,0
A11,61,A30,A41,0,A61,A71,1,A101,1,A121,0,A141,A151,1,A171,1,A191,A201,A91,1
A11,61,A30,A41,0,A61,A71,1,A101,1,A121,1,A141,A151,1,A171,1,A191,A201,A91,0
A11,51,A30,A40,0,A61,A71,1,A101,1,A121,0,A141,A151,1,A171,1,A191,A201,A91,1
A11,51,A30,A40,0,A61,A71,1,A101,1,A121,1,A141,A151,1,A171,1,A191,A201,A91,0
